time,open,high,low,close
2025-07-17 16:00,3342.9,3346.2,3340.9,3345.2
2025-07-17 20:00,3345.5,3350.2,3343.0,3345.6
2025-07-18 00:00,3345.7,3350.3,3340.1,3341.1
2025-07-18 04:00,3340.6,3356.2,3337.2,3355.9
2025-07-18 08:00,3356.0,3364.3,3352.2,3360.7
2025-07-18 12:00,3360.7,3368.0,3357.5,3360.4
2025-07-18 16:00,3360.4,3363.9,3353.3,3354.0
2025-07-18 20:00,3353.9,3357.6,3353.4,3355.5
2025-07-20 20:00,3353.0,3355.5,3351.0,3355.2
2025-07-21 00:00,3355.3,3365.2,3353.8,3361.1
2025-07-21 04:00,3358.3,3378.3,3357.1,3372.1
2025-07-21 08:00,3372.1,3383.4,3370.3,3383.1
2025-07-21 12:00,3382.9,3416.9,3382.2,3411.1
2025-07-21 16:00,3411.2,3413.1,3405.7,3409.8
2025-07-21 20:00,3409.9,3416.3,3408.4,3410.9
2025-07-22 00:00,3411.1,3411.2,3399.6,3405.6
2025-07-22 04:00,3405.6,3405.6,3395.4,3399.3
2025-07-22 08:00,3399.3,3402.7,3394.9,3401.1
2025-07-22 12:00,3401.1,3446.5,3400.7,3439.7
2025-07-22 16:00,3441.1,3447.5,3440.0,3443.9
2025-07-22 20:00,3443.9,3446.9,3438.3,3439.4
2025-07-23 00:00,3439.3,3451.7,3433.3,3437.5
2025-07-23 04:00,3436.8,3443.1,3429.8,3434.3
2025-07-23 08:00,3434.4,3445.8,3432.4,3440.5
2025-07-23 12:00,3440.5,3442.0,3406.3,3406.3
2025-07-23 16:00,3406.5,3406.5,3390.6,3400.4
2025-07-23 20:00,3400.5,3401.1,3394.9,3397.1
2025-07-24 00:00,3397.2,3400.3,3379.1,3388.8
2025-07-24 04:00,3388.5,3390.0,3370.7,3372.6
2025-07-24 08:00,3372.6,3379.4,3365.4,3366.4
2025-07-24 12:00,3366.3,3381.2,3355.2,3375.6
2025-07-24 16:00,3375.6,3376.9,3369.0,3374.3
2025-07-24 20:00,3374.4,3374.7,3367.6,3371.8
2025-07-25 00:00,3371.7,3376.6,3361.4,3361.5
2025-07-25 04:00,3360.9,3365.6,3354.6,3356.1
2025-07-25 08:00,3356.2,3357.7,3339.8,3342.1
2025-07-25 12:00,3342.1,3348.7,3325.5,3328.2
2025-07-25 16:00,3328.1,3341.2,3326.5,3339.2
2025-07-25 20:00,3339.1,3340.0,3337.3,3338.5
2025-07-28 00:00,3334.4,3343.0,3327.4,3342.3
2025-07-28 04:00,3343.0,3345.4,3333.4,3334.6
2025-07-28 08:00,3334.6,3340.8,3331.2,3336.1
2025-07-28 12:00,3336.3,3338.1,3300.0,3314.1
2025-07-28 16:00,3314.0,3317.4,3307.9,3316.5
2025-07-28 20:00,3316.3,3317.9,3308.3,3310.5
2025-07-29 00:00,3310.3,3318.8,3305.8,3311.1
2025-07-29 04:00,3311.2,3320.3,3307.4,3315.6
2025-07-29 08:00,3315.8,3328.0,3312.8,3313.4
2025-07-29 12:00,3313.5,3332.3,3309.9,3318.4
2025-07-29 16:00,3318.5,3328.6,3316.3,3323.7
2025-07-29 20:00,3323.4,3327.1,3323.3,3326.3
2025-07-30 00:00,3326.1,3330.8,3320.0,3326.4
2025-07-30 04:00,3325.2,3386.4,3320.1,3383.0
2025-07-30 08:00,3383.2,3389.3,3321.4,3385.4
2025-07-30 12:00,3385.5,3386.3,3324.7,3344.4
2025-07-30 16:00,3344.3,3358.5,3319.2,3322.1
2025-07-30 20:00,3322.0,3336.4,3321.1,3335.8
2025-07-31 00:00,3335.8,3348.4,3332.6,3344.2
2025-07-31 04:00,3344.4,3360.9,3343.4,3356.1
2025-07-31 08:00,3356.2,3366.7,3345.5,3358.9
2025-07-31 12:00,3358.7,3364.1,3343.4,3348.1
2025-07-31 16:00,3348.0,3351.4,3342.0,3344.2
2025-07-31 20:00,3344.2,3346.9,3339.5,3340.1
2025-08-01 00:00,3340.0,3347.7,3331.4,3341.2
2025-08-01 04:00,3341.9,3352.0,3336.0,3337.7
2025-08-01 08:00,3337.6,3355.3,3336.1,3352.2
2025-08-01 12:00,3352.4,3408.6,3349.4,3401.3
2025-08-01 16:00,3401.2,3414.5,3392.2,3410.1
2025-08-01 20:00,3410.1,3416.9,3409.9,3416.0
2025-08-03 20:00,3399.8,3417.8,3399.8,3414.8
2025-08-04 00:00,3415.1,3415.3,3397.9,3412.5
2025-08-04 04:00,3412.1,3415.3,3405.7,3408.6
2025-08-04 08:00,3408.7,3424.3,3405.8,3424.0
2025-08-04 12:00,3424.0,3439.5,3413.4,3428.4
2025-08-04 16:00,3428.5,3432.4,3424.3,3430.5
2025-08-04 20:00,3430.3,3433.6,3428.0,3431.5
2025-08-05 00:00,3431.5,3435.9,3426.2,3427.6
2025-08-05 04:00,3426.7,3429.1,3419.4,3428.3
2025-08-05 08:00,3428.3,3429.2,3403.3,3405.2
2025-08-05 12:00,3405.0,3444.7,3403.4,3444.0
2025-08-05 16:00,3444.1,3444.9,3431.3,3433.5
2025-08-05 20:00,3433.5,3438.6,3432.4,3438.1
2025-08-06 00:00,3437.9,3440.5,3428.4,3429.7
2025-08-06 04:00,3429.9,3433.7,3423.1,3428.4
2025-08-06 08:00,3428.2,3429.3,3411.7,3420.0
2025-08-06 12:00,3419.7,3438.1,3414.3,3436.2
2025-08-06 16:00,3436.5,3438.1,3430.9,3434.0
2025-08-06 20:00,3433.9,3436.8,3429.7,3436.2
2025-08-07 00:00,3436.3,3447.0,3432.6,3443.8
2025-08-07 04:00,3444.0,3470.3,3438.5,3469.1
2025-08-07 08:00,3469.2,3469.6,3443.2,3451.6
2025-08-07 12:00,3451.7,3465.0,3436.0,3453.9
2025-08-07 16:00,3453.9,3468.0,3450.8,3466.8
2025-08-07 20:00,3466.9,3534.1,3465.5,3496.4
2025-08-08 00:00,3496.4,3514.9,3480.4,3489.1
2025-08-08 04:00,3488.2,3507.1,3486.7,3492.7
2025-08-08 08:00,3493.1,3496.8,3468.6,3475.7
2025-08-08 12:00,3475.5,3506.5,3473.5,3492.3
2025-08-08 16:00,3492.4,3493.3,3445.0,3456.6
2025-08-08 20:00,3456.8,3491.3,3452.1,3491.3
2025-08-10 20:00,3458.1,3491.3,3454.6,3455.4
2025-08-11 00:00,3455.6,3455.6,3431.0,3440.6
2025-08-11 04:00,3440.2,3442.7,3411.8,3415.1
2025-08-11 08:00,3415.1,3421.1,3404.3,3410.2
2025-08-11 12:00,3410.0,3418.7,3397.3,3409.8
2025-08-11 16:00,3409.9,3411.0,3399.3,3402.0
2025-08-11 20:00,3402.0,3402.7,3393.0,3399.0
2025-08-12 00:00,3398.9,3408.7,3397.5,3399.8
2025-08-12 04:00,3400.7,3406.3,3390.6,3404.6
2025-08-12 08:00,3404.7,3404.7,3384.4,3396.0
2025-08-12 12:00,3395.9,3410.8,3379.1,3400.3
2025-08-12 16:00,3400.4,3402.4,3395.7,3398.9
2025-08-12 20:00,3398.8,3404.9,3397.1,3401.4
2025-08-13 00:00,3401.5,3405.0,3392.7,3398.8
2025-08-13 04:00,3398.9,3410.0,3394.8,3403.6
2025-08-13 08:00,3403.5,3417.7,3401.5,3413.5
2025-08-13 12:00,3413.5,3422.6,3404.1,3408.6
2025-08-13 16:00,3408.7,3411.6,3400.2,3408.0
2025-08-13 20:00,3407.9,3412.7,3406.1,3411.9
2025-08-14 00:00,3412.0,3423.8,3403.7,3408.3
2025-08-14 04:00,3409.6,3415.0,3392.1,3394.4
2025-08-14 08:00,3394.2,3407.8,3389.2,3404.2
2025-08-14 12:00,3404.0,3407.4,3381.8,3388.9
2025-08-14 16:00,3389.1,3389.1,3375.5,3385.3
2025-08-14 20:00,3385.3,3385.8,3377.7,3381.1
2025-08-15 00:00,3380.9,3391.2,3378.0,3389.7
2025-08-15 04:00,3389.7,3394.8,3385.9,3392.5
2025-08-15 08:00,3392.4,3394.6,3382.4,3388.3
2025-08-15 12:00,3388.4,3393.1,3379.3,3388.3
2025-08-15 16:00,3388.4,3388.4,3379.8,3383.9
2025-08-15 20:00,3383.8,3384.2,3381.0,3382.6
2025-08-17 20:00,3382.4,3384.5,3368.0,3371.8
2025-08-18 00:00,3372.0,3398.0,3371.5,3392.9
2025-08-18 04:00,3392.9,3403.6,3391.2,3393.8
2025-08-18 08:00,3394.0,3397.0,3389.5,3391.2
2025-08-18 12:00,3391.2,3394.9,3377.1,3380.6
2025-08-18 16:00,3380.7,3380.8,3375.3,3378.3
2025-08-18 20:00,3378.2,3379.9,3375.6,3376.1
2025-08-19 00:00,3376.1,3384.9,3370.6,3381.1
2025-08-19 04:00,3381.2,3386.2,3378.2,3384.8
2025-08-19 08:00,3384.8,3389.7,3380.6,3384.4
2025-08-19 12:00,3384.3,3385.2,3364.4,3366.5
2025-08-19 16:00,3366.5,3368.4,3358.1,3359.8
2025-08-19 20:00,3359.7,3360.7,3355.4,3356.8
2025-08-20 00:00,3356.5,3360.9,3353.4,3359.6
2025-08-20 04:00,3359.9,3370.1,3359.5,3367.8
2025-08-20 08:00,3367.7,3376.5,3363.6,3375.9
2025-08-20 12:00,3375.9,3394.3,3375.5,3384.5
2025-08-20 16:00,3384.5,3393.0,3384.5,3391.5
2025-08-20 20:00,3391.5,3394.4,3389.1,3389.4
2025-08-21 00:00,3389.4,3389.4,3382.1,3382.6
2025-08-21 04:00,3382.4,3384.0,3376.5,3381.9
2025-08-21 08:00,3381.9,3385.1,3367.4,3376.1
2025-08-21 12:00,3376.3,3391.9,3376.3,3387.5
2025-08-21 16:00,3387.6,3388.0,3381.1,3383.2
2025-08-21 20:00,3383.3,3385.0,3381.8,3382.6
2025-08-22 00:00,3382.5,3383.7,3374.5,3375.1
2025-08-22 04:00,3374.9,3377.8,3367.2,3369.5
2025-08-22 08:00,3369.5,3373.8,3367.2,3370.8
2025-08-22 12:00,3370.8,3423.4,3362.8,3412.4
2025-08-22 16:00,3412.5,3420.8,3412.3,3417.7
2025-08-22 20:00,3417.6,3418.5,3415.6,3418.5
2025-08-24 20:00,3417.6,3418.5,3411.7,3414.9
2025-08-25 00:00,3414.8,3415.5,3405.5,3412.6
2025-08-25 04:00,3412.4,3414.3,3407.1,3411.0
2025-08-25 08:00,3411.1,3416.5,3406.3,3415.7
2025-08-25 12:00,3415.7,3421.5,3406.3,3418.9
2025-08-25 16:00,3419.0,3419.4,3410.1,3410.6
2025-08-25 20:00,3410.7,3411.4,3396.5,3399.8
2025-08-26 00:00,3399.7,3434.7,3396.1,3420.9
2025-08-26 04:00,3420.3,3426.6,3413.1,3423.0
2025-08-26 08:00,3423.0,3428.3,3412.9,3425.0
2025-08-26 12:00,3425.0,3437.5,3416.9,3435.1
2025-08-26 16:00,3435.2,3439.1,3428.5,3437.7
2025-08-26 20:00,3437.7,3444.3,3437.4,3440.7
2025-08-27 00:00,3440.6,3443.4,3430.4,3431.0
2025-08-27 04:00,3430.9,3431.7,3423.0,3430.5
2025-08-27 08:00,3430.3,3433.9,3422.2,3425.6
2025-08-27 12:00,3425.6,3440.7,3422.9,3438.1
2025-08-27 16:00,3438.2,3450.9,3437.6,3449.4
2025-08-27 20:00,3449.3,3453.1,3448.2,3451.0
2025-08-28 00:00,3450.9,3453.8,3442.5,3445.1
2025-08-28 04:00,3444.7,3453.0,3443.2,3450.8
2025-08-28 08:00,3450.7,3465.8,3449.0,3462.0
2025-08-28 12:00,3462.3,3471.0,3452.1,3465.8
2025-08-28 16:00,3465.8,3478.7,3465.6,3477.6
2025-08-28 20:00,3477.7,3478.0,3475.0,3475.3
2025-08-29 00:00,3475.5,3479.6,3469.9,3470.9
2025-08-29 04:00,3470.2,3472.2,3466.1,3471.2
2025-08-29 08:00,3471.1,3472.6,3463.0,3469.8
2025-08-29 12:00,3469.8,3515.3,3464.1,3512.5
2025-08-29 16:00,3512.6,3518.5,3508.4,3516.1
2025-08-29 20:00,3516.0,3517.6,3514.0,3516.1
2025-09-02 04:00,3564.3,3568.0,3538.5,3541.6
2025-09-02 08:00,3541.6,3559.0,3537.5,3558.7
2025-09-02 12:00,3558.6,3586.3,3538.6,3586.1
2025-09-02 16:00,3586.1,3600.8,3582.6,3597.9
2025-09-02 20:00,3597.8,3602.4,3593.4,3595.5
2025-09-03 00:00,3595.7,3616.9,3595.1,3596.6
2025-09-03 04:00,3596.7,3604.1,3592.4,3598.4
2025-09-03 08:00,3598.4,3617.4,3598.4,3616.0
2025-09-03 12:00,3615.9,3631.5,3607.3,3628.6
2025-09-03 16:00,3628.6,3640.1,3617.2,3619.3
2025-09-03 20:00,3619.5,3624.6,3609.5,3613.6
2025-09-04 00:00,3613.9,3621.6,3573.7,3587.9
2025-09-04 04:00,3587.6,3600.1,3581.5,3599.5
2025-09-04 08:00,3599.7,3609.0,3594.0,3603.1
2025-09-04 12:00,3602.8,3617.8,3592.2,3612.3
2025-09-04 16:00,3612.3,3615.5,3600.0,3605.9
2025-09-04 20:00,3605.9,3611.8,3595.4,3609.6
2025-09-05 00:00,3609.7,3618.5,3605.0,3618.2
2025-09-05 04:00,3617.6,3619.2,3606.1,3607.5
2025-09-05 08:00,3607.7,3611.8,3601.6,3609.3
2025-09-05 12:00,3609.4,3654.2,3604.3,3647.4
2025-09-05 16:00,3647.4,3655.5,3645.6,3646.5
2025-09-05 20:00,3646.4,3647.4,3639.0,3639.8
2025-09-07 20:00,3635.0,3653.3,3623.0,3630.8
2025-09-08 00:00,3630.9,3637.9,3625.0,3626.8
2025-09-08 04:00,3626.6,3654.3,3621.7,3650.5
2025-09-08 08:00,3650.6,3662.5,3647.7,3658.9
2025-09-08 12:00,3658.9,3685.7,3653.5,3680.1
2025-09-08 16:00,3680.2,3682.4,3673.2,3676.2
2025-09-08 20:00,3676.2,3678.8,3669.8,3674.8
2025-09-09 00:00,3675.0,3694.9,3673.3,3685.2
2025-09-09 04:00,3685.9,3698.9,3676.8,3683.8
2025-09-09 08:00,3683.8,3695.8,3681.2,3686.7
2025-09-09 12:00,3686.8,3715.2,3665.3,3684.3
2025-09-09 16:00,3684.1,3688.5,3667.2,3668.3
2025-09-09 20:00,3668.3,3677.8,3651.4,3671.1
2025-09-10 00:00,3670.9,3675.8,3656.5,3674.8
2025-09-10 04:00,3674.5,3687.2,3674.5,3682.6
2025-09-10 08:00,3682.7,3696.6,3680.7,3688.8
2025-09-10 12:00,3688.7,3697.5,3677.5,3683.7
2025-09-10 16:00,3683.7,3689.6,3674.6,3681.7
2025-09-10 20:00,3681.8,3684.1,3676.6,3683.2
2025-09-11 00:00,3683.3,3687.5,3666.5,3669.7
2025-09-11 04:00,3669.8,3675.5,3660.6,3667.6
2025-09-11 08:00,3667.7,3669.5,3651.8,3654.9
2025-09-11 12:00,3654.9,3682.0,3651.0,3672.0
2025-09-11 16:00,3671.9,3680.6,3669.3,3675.4
2025-09-11 20:00,3675.3,3676.6,3669.0,3669.2
2025-09-12 00:00,3669.2,3692.4,3667.3,3691.8
2025-09-12 04:00,3692.0,3695.5,3685.7,3686.3
2025-09-12 08:00,3686.3,3690.4,3675.3,3684.6
2025-09-12 12:00,3684.7,3692.7,3675.5,3682.3
2025-09-12 16:00,3682.3,3689.5,3680.5,3682.7
2025-09-12 20:00,3682.7,3683.8,3679.3,3680.7
2025-09-14 20:00,3680.2,3686.4,3673.6,3675.2
2025-09-15 00:00,3675.0,3683.8,3662.8,3683.2
2025-09-15 04:00,3683.7,3684.3,3671.5,3680.7
2025-09-15 08:00,3680.7,3683.4,3673.4,3679.6
2025-09-15 12:00,3679.7,3722.2,3673.7,3720.4
2025-09-15 16:00,3720.5,3724.9,3713.6,3720.2
2025-09-15 20:00,3720.2,3721.7,3715.5,3717.8
2025-09-16 00:00,3723.6,3728.4,3711.8,3718.1
2025-09-16 04:00,3718.5,3731.9,3717.1,3726.2
2025-09-16 08:00,3733.5,3737.6,3728.7,3734.5
2025-09-16 12:00,3734.6,3739.9,3715.2,3723.0
2025-09-16 16:00,3723.0,3728.4,3721.3,3726.6
2025-09-16 20:00,3726.8,3732.8,3726.4,3731.7
2025-09-17 00:00,3731.9,3732.8,3710.7,3718.2
2025-09-17 04:00,3718.5,3722.7,3702.8,3703.7
2025-09-17 08:00,3703.7,3707.1,3695.4,3701.2
2025-09-17 12:00,3701.4,3722.0,3701.0,3718.6
2025-09-17 16:00,3718.8,3744.0,3679.5,3696.2
2025-09-17 20:00,3696.2,3705.6,3688.2,3703.0
2025-09-18 00:00,3703.5,3703.9,3686.6,3693.0
2025-09-18 04:00,3693.0,3693.8,3667.3,3692.5
2025-09-18 08:00,3692.4,3707.3,3687.7,3700.7
2025-09-18 12:00,3700.9,3706.4,3660.5,3674.5
2025-09-18 16:00,3674.6,3680.7,3673.6,3679.7
2025-09-18 20:00,3679.7,3680.4,3670.4,3672.8
2025-09-19 00:00,3673.0,3689.6,3664.4,3686.6
2025-09-19 04:00,3686.8,3694.1,3675.9,3686.0
2025-09-19 08:00,3685.7,3691.9,3677.5,3680.5
2025-09-19 12:00,3680.5,3709.5,3676.2,3704.2
2025-09-19 16:00,3704.1,3718.8,3699.8,3717.9
2025-09-19 20:00,3717.8,3719.6,3705.8,3705.8
2025-09-21 20:00,3721.3,3727.4,3705.8,3721.6
2025-09-22 00:00,3721.4,3733.1,3720.5,3730.9
2025-09-22 04:00,3730.8,3753.4,3725.5,3747.5
2025-09-22 08:00,3747.4,3763.1,3746.6,3758.8
2025-09-22 12:00,3758.9,3770.3,3746.0,3769.9
2025-09-22 16:00,3769.9,3783.2,3769.2,3781.2
2025-09-22 20:00,3781.2,3784.2,3773.5,3782.2
2025-09-23 00:00,3782.2,3795.1,3772.4,3780.6
2025-09-23 04:00,3780.9,3793.0,3777.4,3787.6
2025-09-23 08:00,3787.6,3824.6,3786.8,3816.5
2025-09-23 12:00,3816.6,3821.6,3799.0,3811.5
2025-09-23 16:00,3811.7,3819.0,3783.9,3796.4
2025-09-23 20:00,3796.6,3802.6,3793.8,3796.1
2025-09-24 00:00,3795.8,3803.6,3783.0,3799.1
2025-09-24 04:00,3798.4,3812.6,3795.4,3810.9
2025-09-24 08:00,3810.9,3811.3,3792.4,3802.3
2025-09-24 12:00,3802.2,3806.4,3772.6,3774.1
2025-09-24 16:00,3774.2,3778.4,3749.7,3762.5
2025-09-24 20:00,3762.4,3776.7,3762.3,3774.5
2025-09-25 00:00,3774.3,3782.2,3760.5,3767.0
2025-09-25 04:00,3767.2,3785.6,3762.2,3782.5
2025-09-25 08:00,3782.6,3792.3,3771.0,3784.0
2025-09-25 12:00,3783.7,3787.0,3751.9,3766.9
2025-09-25 16:00,3766.9,3789.5,3762.5,3777.5
2025-09-25 20:00,3777.5,3783.9,3768.5,3775.0
2025-09-26 00:00,3775.0,3783.5,3764.0,3775.4
2025-09-26 04:00,3775.1,3784.4,3768.8,3777.9
2025-09-26 08:00,3777.9,3785.2,3772.8,3778.7
2025-09-26 12:00,3778.8,3814.4,3776.4,3810.4
2025-09-26 16:00,3810.4,3813.3,3793.6,3795.8
2025-09-26 20:00,3796.0,3809.0,3789.0,3809.0
2025-09-28 20:00,3796.8,3801.6,3794.9,3795.9
2025-09-29 00:00,3795.8,3828.5,3792.9,3823.5
2025-09-29 04:00,3824.0,3849.0,3822.1,3836.1
2025-09-29 08:00,3836.2,3860.6,3836.2,3858.2
2025-09-29 12:00,3858.1,3862.2,3838.6,3859.3
2025-09-29 16:00,3859.2,3862.2,3850.9,3857.1
2025-09-29 20:00,3857.0,3863.7,3854.4,3861.1
2025-09-30 00:00,3861.2,3895.5,3859.5,3893.3
2025-09-30 04:00,3892.8,3899.2,3867.9,3872.2
2025-09-30 08:00,3872.0,3875.6,3820.6,3842.6
2025-09-30 12:00,3842.4,3882.3,3836.5,3866.3
2025-09-30 16:00,3866.8,3888.7,3865.7,3886.7
2025-09-30 20:00,3886.8,3890.8,3878.7,3890.6
2025-10-01 00:00,3890.6,3904.1,3883.5,3889.7
2025-10-01 04:00,3889.5,3908.3,3880.3,3907.2
2025-10-01 08:00,3907.4,3922.7,3905.4,3911.1
2025-10-01 12:00,3911.2,3918.8,3882.8,3895.1
2025-10-01 16:00,3895.0,3898.5,3881.4,3894.3
2025-10-01 20:00,3894.3,3895.7,3882.9,3888.9
2025-10-02 00:00,3888.7,3895.2,3877.0,3891.5
2025-10-02 04:00,3891.6,3899.6,3886.6,3894.0
2025-10-02 08:00,3893.6,3911.7,3889.7,3911.2
2025-10-02 12:00,3911.3,3923.3,3842.8,3851.8
2025-10-02 16:00,3851.7,3883.4,3850.7,3880.1
2025-10-02 20:00,3880.3,3888.1,3876.0,3886.8
2025-10-03 00:00,3886.6,3887.2,3861.1,3865.8
2025-10-03 04:00,3865.7,3888.7,3864.6,3887.3
2025-10-03 08:00,3887.5,3891.5,3877.6,3885.3
2025-10-03 12:00,3885.4,3916.8,3883.7,3914.4
2025-10-03 16:00,3914.5,3914.8,3901.7,3910.9
2025-10-03 20:00,3910.9,3912.7,3908.5,3908.9
2025-10-05 20:00,3911.2,3945.2,3908.9,3935.3
2025-10-06 00:00,3935.4,3956.8,3924.3,3954.3
2025-10-06 04:00,3954.6,3969.0,3947.4,3965.7
2025-10-06 08:00,3965.8,3973.7,3954.7,3962.4
2025-10-06 12:00,3962.2,3988.2,3950.0,3986.4
2025-10-06 16:00,3986.4,3994.5,3969.5,3983.2
2025-10-06 20:00,3983.2,3986.2,3981.0,3984.4
2025-10-07 04:00,3974.4,3979.4,3965.8,3968.6
2025-10-07 08:00,3968.6,3992.1,3963.4,3989.8
2025-10-07 12:00,3989.7,4014.6,3983.4,3988.7
2025-10-07 16:00,3989.0,4011.1,3985.3,4002.5
2025-10-07 20:00,4002.7,4018.0,4002.7,4016.2
2025-10-08 00:00,4016.3,4038.7,4006.7,4036.6
2025-10-08 04:00,4037.1,4061.2,4037.1,4056.5
2025-10-08 08:00,4056.4,4071.5,4053.6,4060.0
2025-10-08 12:00,4060.1,4072.4,4047.5,4067.2
2025-10-08 16:00,4067.3,4081.0,4052.5,4064.2
2025-10-08 20:00,4064.3,4067.0,4019.2,4030.1
2025-10-09 00:00,4030.0,4057.0,4022.4,4045.0
2025-10-09 04:00,4046.1,4062.1,4041.1,4051.2
2025-10-09 08:00,4051.0,4066.9,4049.8,4063.7
2025-10-09 12:00,4063.7,4077.9,4018.1,4029.6
2025-10-09 16:00,4029.5,4037.9,3957.9,3988.3
2025-10-09 20:00,3988.3,4007.6,3973.0,4006.6
2025-10-10 00:00,4006.6,4009.7,3975.0,3979.1
2025-10-10 04:00,3976.8,3991.7,3961.2,3985.1
2025-10-10 08:00,3985.0,4020.5,3982.8,4002.3
2025-10-10 12:00,4002.4,4038.6,3986.7,4013.4
2025-10-10 16:00,4013.5,4038.0,3988.4,4028.1
2025-10-10 20:00,4028.0,4038.5,4000.4,4000.4
2025-10-12 20:00,4018.3,4078.1,4000.4,4053.1
2025-10-13 00:00,4053.0,4079.3,4042.1,4070.2
2025-10-13 04:00,4069.8,4096.7,4068.9,4089.7
2025-10-13 08:00,4089.6,4104.3,4087.4,4093.2
2025-10-13 12:00,4093.2,4127.5,4092.3,4124.8
2025-10-13 16:00,4124.8,4137.2,4110.3,4127.3
2025-10-13 20:00,4127.3,4150.0,4124.8,4145.9
2025-10-14 00:00,4145.7,4178.6,4137.0,4175.3
2025-10-14 04:00,4175.6,4190.9,4105.0,4141.8
2025-10-14 08:00,4141.6,4161.8,4136.7,4148.6
2025-10-14 12:00,4148.8,4159.1,4113.6,4154.3
2025-10-14 16:00,4154.5,4172.1,4144.5,4159.2
2025-10-14 20:00,4159.3,4185.4,4156.4,4179.6
2025-10-15 00:00,4179.6,4210.0,4171.6,4206.0
2025-10-15 04:00,4206.0,4227.9,4192.4,4225.8
2025-10-15 08:00,4225.7,4235.8,4180.0,4214.3
2025-10-15 12:00,4214.5,4227.7,4191.2,4207.0
2025-10-15 16:00,4207.0,4229.6,4198.2,4226.0
2025-10-15 20:00,4226.0,4230.6,4214.5,4223.2
2025-10-16 00:00,4223.1,4255.4,4218.4,4249.2
2025-10-16 04:00,4247.6,4253.2,4216.4,4244.5
2025-10-16 08:00,4244.6,4264.0,4237.3,4256.1
2025-10-16 12:00,4256.3,4292.7,4241.9,4289.4
2025-10-16 16:00,4289.5,4328.7,4275.7,4321.4
2025-10-16 20:00,4321.9,4392.0,4321.8,4378.8
2025-10-17 00:00,4378.3,4383.5,4291.3,4377.2
2025-10-17 04:00,4378.9,4390.4,4320.0,4354.5
2025-10-17 08:00,4354.5,4363.8,4298.0,4298.7
2025-10-17 12:00,4298.7,4332.3,4226.0,4251.4
2025-10-17 16:00,4251.5,4259.0,4196.0,4240.3
2025-10-17 20:00,4241.7,4268.0,4213.3,4213.3
2025-10-19 20:00,4269.0,4289.9,4213.3,4250.0
2025-10-20 00:00,4249.4,4283.0,4229.7,4277.8
2025-10-20 04:00,4278.0,4281.5,4233.6,4269.3
2025-10-20 08:00,4269.1,4295.3,4259.5,4294.8
2025-10-20 12:00,4294.6,4372.3,4287.6,4366.0
2025-10-20 16:00,4366.0,4398.0,4354.4,4394.3
2025-10-20 20:00,4394.4,4396.5,4363.7,4377.3
2025-10-21 00:00,4377.4,4390.0,4348.4,4362.9
2025-10-21 04:00,4362.8,4362.8,4309.3,4312.8
2025-10-21 08:00,4312.6,4316.3,4257.7,4266.8
2025-10-21 12:00,4266.8,4270.9,4093.0,4150.6
2025-10-21 16:00,4150.5,4156.7,4105.0,4124.2
2025-10-21 20:00,4124.5,4146.7,4103.4,4106.7
2025-10-22 00:00,4106.8,4157.9,4021.2,4143.7
2025-10-22 04:00,4142.8,4175.0,4121.9,4146.3
2025-10-22 08:00,4146.2,4149.5,4029.1,4042.7
2025-10-22 12:00,4042.5,4101.0,4025.1,4053.1
2025-10-22 16:00,4053.5,4131.4,4039.4,4120.0
2025-10-22 20:00,4120.4,4133.6,4096.4,4104.7
2025-10-23 00:00,4104.2,4116.4,4079.6,4106.9
2025-10-23 04:00,4106.7,4152.9,4094.4,4109.6
2025-10-23 08:00,4109.9,4140.7,4109.8,4123.7
2025-10-23 12:00,4123.4,4171.5,4113.7,4158.6
2025-10-23 16:00,4158.6,4165.4,4132.5,4134.6
2025-10-23 20:00,4134.6,4149.0,4121.2,4136.8
2025-10-24 00:00,4137.1,4159.0,4122.1,4135.9
2025-10-24 04:00,4136.2,4137.1,4083.1,4088.9
2025-10-24 08:00,4088.8,4092.3,4055.7,4075.6
2025-10-24 12:00,4075.7,4151.1,4073.4,4146.7
2025-10-24 16:00,4146.6,4156.0,4117.5,4119.7
2025-10-24 20:00,4119.7,4137.8,4111.0,4137.8
2025-10-26 20:00,4103.2,4137.8,4074.2,4078.2
2025-10-27 00:00,4078.7,4112.0,4071.8,4083.5
2025-10-27 04:00,4082.0,4098.6,4065.8,4081.7
2025-10-27 08:00,4081.6,4083.6,4028.0,4038.0
2025-10-27 12:00,4037.9,4064.8,3985.9,4004.6
2025-10-27 16:00,4004.8,4025.8,3998.6,4006.0
2025-10-27 20:00,4005.8,4019.0,3994.1,4012.5
2025-10-28 00:00,4012.8,4034.2,3987.2,4006.6
2025-10-28 04:00,4007.0,4008.2,3936.9,3947.4
2025-10-28 08:00,3947.6,3950.9,3901.3,3937.1
2025-10-28 12:00,3937.0,3983.8,3919.2,3978.6
2025-10-28 16:00,3978.7,3985.7,3959.1,3975.8
2025-10-28 20:00,3975.4,3982.5,3930.0,3979.0
2025-10-29 00:00,3978.6,3995.7,3957.2,3977.3
2025-10-29 04:00,3977.2,4014.8,3963.9,4014.5
2025-10-29 08:00,4014.8,4043.7,4013.4,4030.2
2025-10-29 12:00,4031.0,4046.2,4003.4,4007.5
2025-10-29 16:00,4007.8,4021.7,3940.4,3959.2
2025-10-29 20:00,3958.7,3967.8,3925.1,3963.9
2025-10-30 00:00,3964.1,3978.2,3927.6,3947.3
2025-10-30 04:00,3949.5,3996.0,3946.7,3972.8
2025-10-30 08:00,3973.0,4024.2,3971.4,3985.7
2025-10-30 12:00,3985.8,4028.3,3970.9,4015.3
2025-10-30 16:00,4015.3,4038.5,4004.6,4035.2
2025-10-30 20:00,4035.2,4059.9,4029.3,4048.6
2025-10-31 00:00,4048.7,4051.4,4003.6,4009.0
2025-10-31 04:00,4009.5,4036.6,4001.9,4032.6
2025-10-31 08:00,4032.4,4038.5,4010.0,4022.3
2025-10-31 12:00,4022.4,4049.2,4020.8,4025.0
2025-10-31 16:00,4024.8,4027.5,3982.3,4012.9
2025-10-31 20:00,4012.7,4018.9,4007.6,4014.2
2025-11-02 20:00,4001.9,4009.0,3988.1,3989.7
2025-11-03 00:00,3990.0,4025.4,3971.3,4021.3
2025-11-03 04:00,4021.4,4036.7,4007.0,4035.9
2025-11-03 08:00,4036.2,4038.7,4003.3,4019.6
2025-11-03 12:00,4019.6,4043.1,4012.4,4019.3
2025-11-03 16:00,4019.2,4024.6,4006.0,4016.3
2025-11-03 20:00,4016.6,4027.4,3989.1,4008.1
2025-11-04 00:00,4008.4,4010.0,3984.2,4003.7
2025-11-04 04:00,4003.8,4006.6,3975.0,4004.0
2025-11-04 08:00,4004.3,4011.6,3995.4,4005.7
2025-11-04 12:00,4005.8,4008.0,3937.1,3966.4
2025-11-04 16:00,3966.5,3986.3,3941.7,3947.2
2025-11-04 20:00,3947.1,3951.6,3938.4,3942.5
2025-11-05 00:00,3942.4,3974.1,3935.7,3969.2
2025-11-05 04:00,3969.2,3987.2,3968.3,3982.2
2025-11-05 08:00,3982.2,3997.0,3965.1,3975.5
2025-11-05 12:00,3975.5,3995.6,3970.8,3987.9
2025-11-05 16:00,3988.5,4000.7,3983.8,3997.9
2025-11-05 20:00,3997.8,4000.3,3973.9,3982.8
2025-11-06 00:00,3982.7,3998.7,3973.2,3995.7
2025-11-06 04:00,3995.5,4018.5,3990.7,4014.8
2025-11-06 08:00,4014.8,4028.6,4013.5,4027.2
2025-11-06 12:00,4027.0,4028.7,3983.5,3988.3
2025-11-06 16:00,3988.2,4003.7,3973.2,3993.2
2025-11-06 20:00,3993.3,3996.8,3981.6,3996.0
2025-11-07 00:00,3996.0,4011.3,3991.6,3997.7
2025-11-07 04:00,3997.4,4017.3,3992.6,4015.2
2025-11-07 08:00,4015.4,4022.6,4001.2,4011.0
2025-11-07 12:00,4010.9,4016.9,3991.0,3998.0
2025-11-07 16:00,3998.3,4035.8,3997.0,4014.2
2025-11-07 20:00,4014.0,4014.4,4002.4,4008.4
2025-11-09 20:00,4017.8,4020.4,4009.8,4019.5
2025-11-10 00:00,4019.7,4062.0,4019.2,4058.7
2025-11-10 04:00,4058.5,4087.6,4058.5,4083.6
2025-11-10 08:00,4083.4,4095.1,4079.5,4093.8
2025-11-10 12:00,4094.0,4115.0,4082.4,4091.4
2025-11-10 16:00,4091.2,4123.9,4089.2,4120.9
2025-11-10 20:00,4121.0,4129.7,4113.8,4126.6
2025-11-11 00:00,4126.9,4154.0,4123.1,4152.7
2025-11-11 04:00,4152.4,4155.0,4131.2,4136.1
2025-11-11 08:00,4135.9,4152.4,4135.1,4149.6
2025-11-11 12:00,4149.7,4153.4,4102.8,4112.6
2025-11-11 16:00,4112.4,4131.7,4110.7,4128.4
2025-11-11 20:00,4128.6,4151.0,4127.7,4148.7
2025-11-12 00:00,4148.4,4151.5,4117.5,4117.7
2025-11-12 04:00,4117.6,4130.7,4104.4,4122.3
2025-11-12 08:00,4122.6,4139.6,4117.4,4131.7
2025-11-12 12:00,4131.4,4192.3,4128.7,4187.9
2025-11-12 16:00,4187.7,4218.5,4186.5,4203.3
2025-11-12 20:00,4203.4,4210.0,4190.3,4195.6
2025-11-13 00:00,4195.5,4217.2,4183.2,4216.8
2025-11-13 04:00,4216.9,4224.9,4206.9,4224.6
2025-11-13 08:00,4224.7,4245.6,4223.4,4235.0
2025-11-13 12:00,4234.7,4250.0,4188.6,4206.6
2025-11-13 16:00,4206.6,4215.8,4148.5,4167.8
2025-11-13 20:00,4167.8,4189.6,4164.2,4188.9
2025-11-14 00:00,4189.0,4215.1,4176.2,4207.7
2025-11-14 04:00,4207.6,4209.0,4162.1,4184.4
2025-11-14 08:00,4184.5,4190.7,4133.3,4135.6
2025-11-14 12:00,4135.1,4143.4,4032.6,4095.5
2025-11-14 16:00,4095.7,4113.2,4082.6,4091.8
2025-11-14 20:00,4092.2,4094.2,4077.5,4094.2
2025-11-16 20:00,4100.0,4107.6,4094.0,4097.0
2025-11-17 00:00,4097.6,4103.6,4070.5,4084.0
2025-11-17 04:00,4084.2,4089.9,4051.1,4088.9
2025-11-17 08:00,4088.9,4097.1,4062.3,4080.1
2025-11-17 12:00,4080.0,4093.5,4059.8,4065.6
2025-11-17 16:00,4065.2,4082.5,4010.1,4011.3
2025-11-17 20:00,4011.4,4055.4,4006.8,4036.3
2025-11-18 00:00,4036.5,4044.8,4008.0,4012.3
2025-11-18 04:00,4012.2,4024.8,3997.4,4013.4
2025-11-18 08:00,4013.7,4050.2,4010.2,4039.0
2025-11-18 12:00,4039.0,4082.3,4028.1,4053.2
2025-11-18 16:00,4053.4,4083.3,4040.1,4082.3
2025-11-18 20:00,4082.2,4083.7,4064.9,4076.5
2025-11-19 00:00,4076.1,4081.3,4056.1,4066.8
2025-11-19 04:00,4066.7,4100.0,4064.1,4087.3
2025-11-19 08:00,4086.8,4120.0,4078.2,4113.6
2025-11-19 12:00,4113.6,4134.3,4090.5,4097.4
2025-11-19 16:00,4097.0,4099.4,4055.6,4073.8
2025-11-19 20:00,4073.4,4108.1,4065.0,4104.3
2025-11-20 00:00,4104.3,4109.6,4034.0,4070.3
2025-11-20 04:00,4070.4,4079.1,4052.8,4058.9
2025-11-20 08:00,4058.3,4071.5,4037.4,4059.6
2025-11-20 12:00,4059.6,4106.9,4059.0,4069.5
2025-11-20 16:00,4069.3,4087.3,4042.6,4084.4
2025-11-20 20:00,4084.2,4089.4,4072.1,4079.7
2025-11-21 00:00,4079.2,4081.1,4048.0,4054.5
2025-11-21 04:00,4054.0,4063.4,4021.6,4029.0
2025-11-21 08:00,4028.7,4060.5,4018.1,4034.1
2025-11-21 12:00,4034.3,4082.9,4032.3,4068.7
2025-11-21 16:00,4068.5,4101.0,4061.8,4087.2
2025-11-21 20:00,4087.0,4088.2,4052.2,4079.5
2025-11-23 20:00,4068.5,4074.8,4062.5,4071.6
2025-11-24 00:00,4071.7,4072.7,4037.2,4047.5
2025-11-24 04:00,4047.2,4064.5,4036.4,4057.0
2025-11-24 08:00,4056.5,4074.0,4056.2,4066.5
2025-11-24 12:00,4066.4,4092.6,4062.6,4089.8
2025-11-24 16:00,4090.0,4126.4,4086.5,4117.4
2025-11-24 20:00,4117.4,4142.2,4117.0,4141.9
2025-11-25 00:00,4141.9,4152.0,4120.5,4140.1
2025-11-25 04:00,4139.7,4150.0,4126.3,4129.4
2025-11-25 08:00,4129.7,4172.9,4106.7,4167.6
2025-11-25 12:00,4130.6,4185.6,4106.8,4156.8
2025-11-25 16:00,4118.6,4194.0,4118.1,4131.7
2025-11-25 20:00,4131.9,4177.3,4124.4,4167.6
2025-11-26 00:00,4167.9,4204.9,4129.4,4201.2
2025-11-26 04:00,4201.0,4204.0,4144.1,4191.9
2025-11-26 08:00,4191.9,4208.6,4151.7,4206.7
2025-11-26 12:00,4206.8,4209.0,4132.9,4200.3
2025-11-26 16:00,4200.4,4206.6,4155.6,4197.0
2025-11-26 20:00,4196.6,4201.3,4157.2,4196.6
2025-11-27 00:00,4196.5,4199.5,4144.5,4179.5
2025-11-27 04:00,4179.3,4186.9,4140.0,4182.7
2025-11-28 12:00,4217.6,4246.6,4185.1,4239.3
2025-11-28 16:00,4239.3,4257.5,4200.7,4254.9
2025-11-30 20:00,4245.1,4261.0,4214.9,4257.3
2025-12-01 00:00,4257.5,4291.8,4222.8,4273.8
2025-12-01 04:00,4274.1,4281.9,4220.3,4278.9
2025-12-01 08:00,4278.7,4297.8,4245.8,4290.0
2025-12-01 12:00,4289.7,4299.6,4219.3,4265.2
2025-12-01 16:00,4265.4,4278.8,4222.9,4270.8
2025-12-01 20:00,4270.9,4276.0,4230.5,4260.1
2025-12-02 00:00,4260.4,4262.9,4199.7,4247.7
2025-12-02 04:00,4247.9,4258.1,4234.4,4244.5
2025-12-02 08:00,4244.7,4248.9,4182.1,4236.0
2025-12-02 12:00,4236.1,4262.2,4181.5,4200.8
2025-12-02 16:00,4200.9,4232.0,4167.0,4227.6
2025-12-02 20:00,4227.6,4248.0,4195.4,4244.0
2025-12-03 00:00,4244.1,4260.1,4215.7,4252.4
2025-12-03 04:00,4252.5,4256.3,4231.1,4236.1
2025-12-03 08:00,4236.5,4241.3,4195.7,4239.0
2025-12-03 12:00,4239.1,4273.3,4209.0,4247.8
2025-12-03 16:00,4247.6,4256.9,4199.2,4239.4
2025-12-03 20:00,4239.3,4244.5,4232.3,4237.0
2025-12-04 00:00,4237.1,4246.9,4211.0,4224.4
2025-12-04 04:00,4224.4,4227.8,4175.0,4222.9
2025-12-04 08:00,4222.7,4236.4,4184.3,4228.2
2025-12-04 12:00,4228.4,4244.0,4191.9,4237.6
2025-12-04 16:00,4237.8,4251.1,4202.0,4239.7
2025-12-04 20:00,4239.3,4240.9,4207.0,4236.2
2025-12-05 00:00,4236.2,4240.6,4204.1,4238.9
2025-12-05 04:00,4238.5,4261.1,4237.1,4254.3
2025-12-05 08:00,4254.6,4257.7,4245.8,4253.5
2025-12-05 12:00,4253.6,4290.5,4245.5,4274.9
2025-12-05 16:00,4275.0,4276.9,4205.1,4237.3
2025-12-05 20:00,4237.6,4237.6,4194.5,4227.7
2025-12-07 20:00,4228.1,4236.5,4224.5,4230.6
2025-12-08 00:00,4231.2,4241.8,4204.8,4238.7
2025-12-08 04:00,4238.8,4247.9,4208.5,4235.7
2025-12-08 08:00,4235.8,4246.0,4203.4,4237.7
2025-12-08 12:00,4237.6,4245.1,4195.3,4211.8
2025-12-08 16:00,4211.5,4227.0,4205.4,4216.1
2025-12-08 20:00,4216.2,4224.8,4214.0,4223.8
2025-12-09 00:00,4223.8,4227.6,4214.4,4223.8
2025-12-09 04:00,4223.7,4224.7,4197.8,4209.7
2025-12-09 08:00,4209.9,4242.3,4209.9,4232.1
2025-12-09 12:00,4232.4,4246.0,4218.0,4242.0
2025-12-09 16:00,4242.3,4251.7,4230.1,4241.4
2025-12-09 20:00,4241.1,4245.1,4235.3,4238.7
2025-12-10 00:00,4239.0,4247.9,4232.5,4235.0
2025-12-10 04:00,4234.9,4242.6,4229.7,4231.2
2025-12-10 08:00,4231.1,4234.8,4215.3,4225.6
2025-12-10 12:00,4225.5,4235.3,4216.6,4222.1
2025-12-10 16:00,4222.1,4249.0,4207.8,4245.7
2025-12-10 20:00,4245.6,4268.8,4240.4,4261.6
2025-12-11 00:00,4261.7,4277.7,4236.2,4244.6
2025-12-11 04:00,4244.1,4246.2,4231.2,4243.5
2025-12-11 08:00,4243.7,4253.9,4236.6,4238.1
2025-12-11 12:00,4238.1,4291.2,4231.9,4285.3
2025-12-11 16:00,4285.4,4317.3,4278.9,4302.6
2025-12-11 20:00,4302.4,4313.5,4293.2,4305.9
2025-12-12 00:00,4305.7,4310.0,4295.5,4301.3
2025-12-12 04:00,4301.3,4321.1,4297.0,4317.6
2025-12-12 08:00,4317.5,4376.5,4317.5,4374.2
2025-12-12 12:00,4374.4,4387.8,4312.7,4320.1
2025-12-12 16:00,4320.3,4336.1,4286.0,4328.4
2025-12-12 20:00,4328.3,4335.0,4319.2,4329.8
2025-12-14 20:00,4337.3,4339.3,4332.6,4333.9
2025-12-15 00:00,4334.0,4361.8,4331.8,4359.9
2025-12-15 04:00,4359.5,4380.5,4356.2,4372.4
2025-12-15 08:00,4372.2,4384.3,4369.4,4376.6
2025-12-15 12:00,4376.9,4382.6,4342.8,4349.9
2025-12-15 16:00,4350.0,4350.5,4315.9,4342.9
2025-12-15 20:00,4342.8,4343.3,4327.9,4333.1
2025-12-16 00:00,4333.2,4345.3,4307.2,4317.2
2025-12-16 04:00,4317.3,4318.9,4297.4,4313.4
2025-12-16 08:00,4313.3,4315.1,4301.0,4306.8
2025-12-16 12:00,4306.7,4367.9,4304.9,4351.8
2025-12-16 16:00,4352.1,4355.7,4322.9,4341.4
2025-12-16 20:00,4341.1,4344.8,4329.7,4336.9
2025-12-17 00:00,4336.7,4356.4,4336.3,4353.2
2025-12-17 04:00,4353.5,4373.6,4345.5,4348.1
2025-12-17 08:00,4347.8,4352.6,4335.7,4345.9
2025-12-17 12:00,4346.1,4383.6,4344.7,4361.5
2025-12-17 16:00,4361.7,4378.5,4351.0,4369.3
2025-12-17 20:00,4369.3,4379.4,4366.9,4371.0
2025-12-18 00:00,4371.0,4375.1,4355.2,4363.4
2025-12-18 04:00,4363.6,4368.7,4358.5,4362.6
2025-12-18 08:00,4362.5,4363.7,4351.0,4357.6
2025-12-18 12:00,4357.6,4375.7,4338.0,4370.2
2025-12-18 16:00,4370.0,4409.5,4352.6,4357.2
2025-12-18 20:00,4357.8,4370.4,4356.8,4366.5
2025-12-19 00:00,4366.7,4367.2,4336.3,4345.8
2025-12-19 04:00,4346.0,4358.0,4344.3,4350.4
2025-12-19 08:00,4350.5,4362.4,4349.2,4357.1
2025-12-19 12:00,4357.3,4382.5,4349.8,4381.3
2025-12-19 16:00,4381.3,4389.0,4374.6,4376.2
2025-12-19 20:00,4376.4,4387.3,4367.8,4387.3
2025-12-21 20:00,4373.3,4386.2,4372.8,4385.3
2025-12-22 00:00,4385.3,4427.3,4385.2,4425.1
2025-12-22 04:00,4425.1,4453.0,4423.7,4447.1
2025-12-22 08:00,4446.9,4449.6,4439.1,4443.8
2025-12-22 12:00,4443.7,4471.1,4439.5,4467.2
2025-12-22 16:00,4467.2,4477.7,4463.5,4469.0
2025-12-22 20:00,4468.9,4494.2,4467.0,4492.3
2025-12-23 00:00,4492.1,4530.8,4490.6,4519.9
2025-12-23 04:00,4519.8,4522.2,4502.6,4519.1
2025-12-23 08:00,4519.1,4526.3,4510.0,4525.8
2025-12-23 12:00,4525.5,4529.3,4457.7,4485.8
2025-12-23 16:00,4485.9,4524.6,4482.5,4519.1
2025-12-23 20:00,4519.2,4540.6,4512.2,4533.9
2025-12-24 00:00,4534.1,4555.1,4496.5,4521.1
2025-12-24 04:00,4521.3,4528.7,4518.8,4524.9
2025-12-24 12:00,4516.1,4518.2,4474.3,4484.8
2025-12-24 16:00,4484.6,4513.4,4482.2,4502.8
2025-12-26 04:00,4538.8,4549.8,4535.7,4540.6
2025-12-26 08:00,4540.3,4554.0,4531.2,4538.2
2025-12-26 12:00,4538.0,4581.1,4533.1,4580.1
2025-12-26 16:00,4580.3,4584.0,4543.4,4554.9
2025-12-26 20:00,4554.8,4566.4,4552.5,4552.7
2025-12-28 20:00,4570.5,4571.8,4549.5,4550.9
2025-12-29 00:00,4551.0,4551.9,4490.3,4541.1
2025-12-29 04:00,4540.8,4542.5,4463.3,4496.1
2025-12-29 08:00,4495.7,4510.5,4454.4,4466.2
2025-12-29 12:00,4466.4,4488.7,4316.0,4343.1
2025-12-29 16:00,4343.0,4365.6,4332.8,4354.2
2025-12-29 20:00,4354.4,4363.2,4338.8,4361.2
2025-12-30 00:00,4361.1,4383.0,4339.0,4373.8
2025-12-30 04:00,4373.8,4398.5,4371.7,4388.3
2025-12-30 08:00,4388.6,4407.5,4366.6,4399.6
2025-12-30 12:00,4399.8,4420.5,4370.5,4381.9
2025-12-30 16:00,4381.7,4397.8,4352.4,4364.0
2025-12-30 20:00,4364.0,4370.6,4338.1,4350.9
2025-12-31 00:00,4351.3,4384.9,4344.7,4360.4
2025-12-31 04:00,4360.8,4363.5,4284.3,4342.7
2025-12-31 08:00,4343.0,4349.0,4315.5,4323.8
2025-12-31 12:00,4323.9,4367.8,4315.0,4350.9
2025-12-31 16:00,4351.1,4353.4,4320.4,4323.9
2025-12-31 20:00,4324.2,4338.1,4316.8,4332.1
2026-01-02 04:00,4386.0,4395.5,4383.5,4394.7
2026-01-02 08:00,4394.6,4411.8,4392.6,4405.5
2026-01-02 12:00,4405.2,4414.8,4341.4,4346.5
2026-01-02 16:00,4346.7,4348.6,4319.7,4328.1
2026-01-02 20:00,4328.3,4342.7,4327.4,4329.6
2026-01-04 20:00,4368.8,4385.4,4363.3,4381.4
2026-01-05 00:00,4381.9,4430.7,4379.3,4408.8
2026-01-05 04:00,4408.6,4436.1,4406.1,4431.2
2026-01-05 08:00,4431.4,4451.7,4422.2,4430.7
2026-01-05 12:00,4430.5,4467.6,4407.0,4459.0
2026-01-05 16:00,4458.8,4465.8,4443.2,4450.9
2026-01-05 20:00,4450.7,4471.6,4447.0,4450.7
2026-01-06 00:00,4450.6,4478.9,4437.9,4478.3
2026-01-06 04:00,4478.3,4485.2,4460.2,4469.3
2026-01-06 08:00,4468.5,4486.0,4452.5,4474.1
2026-01-06 12:00,4474.1,4501.8,4464.1,4488.5
2026-01-06 16:00,4488.4,4503.7,4481.7,4492.2
2026-01-06 20:00,4492.1,4512.4,4491.6,4504.6
2026-01-07 00:00,4504.8,4506.9,4470.1,4485.7
2026-01-07 04:00,4485.6,4487.0,4451.5,4470.8
2026-01-07 08:00,4470.7,4485.0,4456.2,4456.9
2026-01-07 12:00,4457.3,4464.2,4432.9,4453.6
2026-01-07 16:00,4457.1,4478.4,4453.8,4466.8
2026-01-07 20:00,4466.8,4473.2,4459.9,4472.2
2026-01-08 00:00,4472.0,4475.2,4441.7,4448.2
2026-01-08 04:00,4448.3,4448.7,4423.6,4438.6
2026-01-08 08:00,4438.5,4443.3,4427.4,4431.0
2026-01-08 12:00,4430.9,4465.7,4415.0,4463.5
2026-01-08 16:00,4463.6,4475.8,4453.7,4460.9
2026-01-08 20:00,4460.8,4493.7,4460.3,4485.3
2026-01-09 00:00,4485.6,4486.9,4461.8,4472.8
2026-01-09 04:00,4473.1,4486.0,4466.6,4479.3
2026-01-09 08:00,4478.8,4486.4,4472.8,4484.3
2026-01-09 12:00,4484.2,4527.0,4467.0,4521.5
2026-01-09 16:00,4521.8,4523.8,4491.4,4508.3
2026-01-09 20:00,4508.0,4520.3,4500.9,4500.9
2026-01-11 20:00,4538.1,4555.0,4531.4,4550.1
2026-01-12 00:00,4550.0,4612.7,4546.3,4582.6
2026-01-12 04:00,4582.8,4599.8,4574.8,4597.8
2026-01-12 08:00,4597.7,4609.6,4589.6,4594.8
2026-01-12 12:00,4595.0,4638.2,4587.6,4630.9
2026-01-12 16:00,4630.9,4640.5,4609.8,4620.6
2026-01-12 20:00,4620.5,4621.2,4586.4,4607.6
2026-01-13 00:00,4607.5,4608.7,4584.3,4603.1
2026-01-13 04:00,4603.4,4611.2,4582.8,4589.1
2026-01-13 08:00,4588.9,4605.4,4587.8,4596.9
2026-01-13 12:00,4597.0,4644.0,4586.2,4627.6
2026-01-13 16:00,4627.7,4629.5,4589.5,4605.3
2026-01-13 20:00,4605.3,4606.5,4576.7,4603.9
2026-01-14 00:00,4604.4,4638.9,4604.4,4636.5
2026-01-14 04:00,4636.6,4647.6,4624.7,4639.7
2026-01-14 08:00,4639.9,4646.7,4628.4,4638.5
2026-01-14 12:00,4638.6,4650.1,4605.9,4624.8
2026-01-14 16:00,4624.9,4650.5,4607.7,4646.7
2026-01-14 20:00,4646.7,4649.2,4607.2,4619.6
2026-01-15 00:00,4619.4,4622.9,4584.5,4596.1
2026-01-15 04:00,4595.8,4618.0,4584.6,4606.1
2026-01-15 08:00,4606.4,4627.0,4602.2,4623.4
2026-01-15 12:00,4623.3,4624.9,4584.0,4620.2
2026-01-15 16:00,4620.0,4630.1,4605.7,4620.0
2026-01-15 20:00,4620.2,4625.5,4604.2,4614.6
2026-01-16 00:00,4614.2,4615.1,4594.6,4599.4
2026-01-16 04:00,4599.4,4620.2,4597.1,4611.5
2026-01-16 08:00,4611.2,4620.5,4602.3,4616.5
2026-01-16 12:00,4616.4,4624.6,4539.1,4574.8
2026-01-16 16:00,4574.6,4603.9,4570.8,4595.2
2026-01-16 20:00,4595.3,4602.1,4585.0,4601.1
2026-01-19 04:00,4595.4,4672.3,4595.4,4671.2
2026-01-20 04:00,4700.9,4728.0,4700.0,4721.4
2026-01-20 08:00,4721.4,4742.9,4720.4,4738.6
2026-01-20 12:00,4738.6,4756.6,4720.0,4742.0
2026-01-20 16:00,4742.1,4771.5,4733.4,4765.9
2026-01-20 20:00,4765.8,4784.9,4752.6,4779.8
2026-01-21 00:00,4779.6,4852.6,4774.5,4847.6
2026-01-21 04:00,4847.3,4891.1,4835.2,4857.5
2026-01-21 08:00,4856.9,4879.4,4853.7,4869.1
2026-01-21 12:00,4869.3,4884.5,4813.8,4850.0
2026-01-21 16:00,4850.0,4858.7,4757.1,4783.4
2026-01-21 20:00,4783.0,4842.8,4774.5,4779.6
2026-01-22 00:00,4779.9,4810.6,4772.7,4797.4
2026-01-22 04:00,4797.9,4841.1,4794.7,4833.5
2026-01-22 08:00,4833.4,4839.5,4815.3,4833.2
2026-01-22 12:00,4832.9,4876.8,4809.6,4874.0
2026-01-22 16:00,4874.2,4927.6,4870.1,4915.2
2026-01-22 20:00,4915.5,4964.0,4914.8,4960.8
2026-01-23 00:00,4961.2,4970.0,4938.0,4953.0
2026-01-23 04:00,4952.7,4969.0,4944.3,4945.5
2026-01-23 08:00,4945.2,4948.7,4901.2,4923.3
2026-01-23 12:00,4923.7,4964.0,4918.8,4961.9
2026-01-23 16:00,4961.9,4991.4,4959.5,4985.2
2026-01-23 20:00,4985.1,4990.2,4971.7,4988.3
2026-01-25 20:00,5023.3,5039.4,5010.9,5038.7
2026-01-26 00:00,5039.4,5091.5,5028.0,5073.9
2026-01-26 04:00,5074.1,5107.9,5049.7,5086.4
2026-01-26 08:00,5086.3,5097.4,5073.1,5089.8
2026-01-26 12:00,5089.6,5095.4,5052.0,5088.4
2026-01-26 16:00,5088.4,5103.0,5002.7,5023.6
2026-01-26 20:00,5023.6,5058.3,4983.6,5037.7
2026-01-27 00:00,5037.7,5074.8,5008.3,5071.9
2026-01-27 04:00,5071.7,5097.3,5051.9,5081.6
2026-01-27 08:00,5081.5,5096.3,5062.2,5073.1
2026-01-27 12:00,5072.9,5089.4,5042.0,5087.6
2026-01-27 16:00,5087.5,5100.3,5074.0,5097.3
2026-01-27 20:00,5097.1,5190.8,5096.2,5169.2
2026-01-28 00:00,5169.3,5242.2,5154.8,5229.2
2026-01-28 04:00,5228.8,5288.0,5227.4,5286.2
2026-01-28 08:00,5285.4,5345.0,5271.0,5294.2
2026-01-28 12:00,5294.4,5331.0,5266.5,5311.3
2026-01-28 16:00,5311.6,5365.9,5301.0,5359.1
2026-01-28 20:00,5358.6,5626.8,5353.4,5539.4
2026-01-29 00:00,5539.9,5580.5,5472.4,5575.8
2026-01-29 04:00,5576.0,5625.9,5544.5,5578.4
2026-01-29 08:00,5578.4,5584.8,5501.0,5553.5
2026-01-29 12:00,5553.2,5581.3,5126.0,5212.9
2026-01-29 16:00,5210.7,5404.2,5201.5,5334.1
2026-01-29 20:00,5334.8,5478.6,5311.0,5467.6
2026-01-30 00:00,5467.5,5480.2,5145.8,5225.1
2026-01-30 04:00,5224.2,5269.2,5143.7,5209.2
2026-01-30 08:00,5208.8,5208.8,4962.7,5164.7
2026-01-30 12:00,5165.3,5175.6,5006.3,5067.5
2026-02-02 16:00,4677.4,4736.0,4653.5,4707.4
2026-02-02 20:00,4707.4,4799.9,4667.0,4798.5
2026-02-03 00:00,4798.7,4882.0,4768.5,4831.6
2026-02-03 04:00,4831.0,4956.0,4822.6,4940.0
2026-02-03 08:00,4940.2,4975.5,4905.2,4938.9
2026-02-03 12:00,4939.6,4977.7,4915.0,4957.7
2026-02-03 16:00,4957.2,5018.1,4900.5,4949.3
2026-02-03 20:00,4949.9,4997.8,4924.5,4968.7
2026-02-04 00:00,4969.9,5094.0,4966.9,5090.3
2026-02-04 04:00,5090.7,5113.5,5071.0,5106.8
2026-02-04 08:00,5106.3,5113.9,5036.0,5071.3
2026-02-04 12:00,5070.6,5088.1,4909.0,4943.1
2026-02-04 16:00,4943.1,4979.4,4867.7,4963.5
2026-02-04 20:00,4963.6,5045.0,4936.0,5033.4
2026-02-05 00:00,5033.2,5041.9,4805.0,4898.5
2026-02-05 04:00,4898.4,4960.2,4842.0,4934.3
2026-02-05 08:00,4934.1,4962.0,4868.0,4889.1
2026-02-05 12:00,4889.3,4899.9,4820.8,4838.6
2026-02-05 16:00,4837.8,4930.0,4833.5,4852.5
2026-02-05 20:00,4853.0,4866.2,4721.2,4722.0
2026-02-06 00:00,4722.0,4863.5,4670.0,4841.1
2026-02-06 04:00,4842.0,4921.6,4823.9,4862.3
2026-02-06 08:00,4861.6,4918.7,4849.5,4909.1
2026-02-06 12:00,4910.1,4988.8,4892.0,4966.3
2026-02-06 16:00,4972.4,4995.6,4945.0,4980.7
2026-02-06 20:00,4980.4,4992.1,4960.4,4988.6
2026-02-08 20:00,5000.0,5069.0,4991.3,5057.4
2026-02-09 00:00,5057.5,5068.0,4989.3,5037.1
2026-02-09 04:00,5036.5,5067.6,5015.2,5027.2
2026-02-09 08:00,5026.8,5062.6,5002.6,5031.1
2026-02-09 12:00,5032.0,5084.4,5016.9,5082.2
2026-02-09 16:00,5082.6,5106.8,5064.4,5098.4
2026-02-09 20:00,5098.3,5111.1,5011.0,5055.3
2026-02-10 00:00,5056.4,5079.0,5031.0,5051.5
2026-02-10 04:00,5052.4,5068.4,5032.8,5055.3
2026-02-10 08:00,5054.5,5085.3,5049.6,5079.0
2026-02-10 12:00,5079.7,5102.7,5021.3,5041.6
2026-02-10 16:00,5042.7,5064.0,5026.7,5050.8
2026-02-10 20:00,5050.5,5077.4,5042.9,5064.1
2026-02-11 00:00,5064.7,5085.0,5050.9,5079.0
2026-02-11 04:00,5078.6,5093.3,5067.6,5078.7
2026-02-11 08:00,5078.9,5141.8,5068.8,5136.8
2026-02-11 12:00,5137.4,5144.5,5036.3,5084.2
2026-02-11 16:00,5083.1,5123.4,5065.5,5106.5
2026-02-11 20:00,5106.2,5122.8,5074.0,5083.5
2026-02-12 00:00,5083.5,5096.0,5065.0,5078.2
2026-02-12 04:00,5077.7,5099.3,5068.9,5085.3
2026-02-12 08:00,5085.7,5102.5,5073.5,5085.6
2026-02-12 12:00,5086.5,5106.7,5061.3,5083.9
2026-02-12 16:00,5083.5,5091.6,4900.0,4965.0
2026-02-12 20:00,4965.3,4968.4,4907.1,4939.7
2026-02-13 00:00,4938.5,5011.0,4932.1,5001.6
2026-02-13 04:00,5000.0,5016.4,4963.2,4994.6
2026-02-13 08:00,4995.0,5009.5,4952.8,4973.4
2026-02-13 12:00,4973.1,5043.3,4971.8,4998.7
2026-02-13 16:00,4999.0,5069.1,4997.4,5046.4
2026-02-13 20:00,5046.2,5067.4,5043.3,5046.3
2026-02-15 20:00,5046.3,5051.6,5031.6,5038.5
2026-02-16 00:00,5038.4,5051.4,4986.0,5007.2
2026-02-16 04:00,5006.2,5012.2,4988.0,4994.7
2026-02-17 04:00,4970.8,4972.3,4875.2,4935.8
2026-02-17 08:00,4936.0,4959.5,4926.3,4948.7
2026-02-17 12:00,4948.4,4964.0,4854.2,4897.2
2026-02-17 16:00,4897.1,4931.0,4868.0,4899.3
2026-02-17 20:00,4899.2,4905.2,4868.5,4876.9
2026-02-18 00:00,4876.0,4940.6,4875.8,4939.5
2026-02-18 04:00,4939.1,4962.2,4937.0,4949.5
2026-02-18 08:00,4950.2,4953.2,4925.9,4933.4
2026-02-18 12:00,4932.7,5029.6,4931.9,5018.8
2026-02-18 16:00,5018.9,5031.9,4993.7,5000.7
2026-02-18 20:00,5000.7,5008.4,4971.5,4994.8
2026-02-19 00:00,4994.6,5002.6,4978.5,5000.4
2026-02-19 04:00,5000.0,5039.8,4995.3,5028.0
2026-02-19 08:00,5028.0,5040.9,4997.1,5003.3
2026-02-19 12:00,5003.8,5042.8,4982.0,5033.4
2026-02-19 16:00,5033.9,5034.2,4994.0,5006.5
2026-02-19 20:00,5006.9,5026.5,5003.5,5005.6
2026-02-20 00:00,5006.4,5033.4,4999.3,5006.0
2026-02-20 04:00,5005.6,5048.9,5004.2,5025.3
2026-02-20 08:00,5025.6,5063.0,5023.8,5036.8
2026-02-20 12:00,5037.0,5084.5,5005.5,5062.3
2026-02-20 16:00,5062.3,5104.6,5058.2,5102.4
2026-02-20 20:00,5102.3,5131.0,5080.9,5080.9
2026-02-22 20:00,5157.0,5194.2,5157.0,5187.2
2026-02-23 00:00,5187.0,5198.8,5151.0,5188.4
2026-02-23 04:00,5188.3,5190.3,5145.1,5157.6
2026-02-23 08:00,5157.5,5184.8,5142.8,5170.3
2026-02-23 12:00,5170.3,5226.2,5161.5,5216.6
2026-02-23 16:00,5216.3,5240.9,5196.0,5235.4
2026-02-23 20:00,5235.0,5269.4,5234.6,5254.5
2026-02-24 00:00,5254.1,5257.4,5164.1,5192.0
2026-02-24 04:00,5191.5,5205.6,5173.6,5198.7
2026-02-24 08:00,5198.6,5201.6,5182.3,5191.9
2026-02-24 12:00,5192.1,5192.5,5109.5,5168.2
2026-02-24 16:00,5168.5,5188.5,5147.8,5171.8
2026-02-24 20:00,5172.1,5191.4,5135.9,5165.0
2026-02-25 00:00,5165.1,5212.0,5154.3,5200.6
2026-02-25 04:00,5200.1,5230.0,5189.3,5203.8
2026-02-25 08:00,5203.7,5216.6,5173.2,5199.5
2026-02-25 12:00,5199.3,5222.0,5177.0,5214.5
2026-02-25 16:00,5214.1,5237.3,5209.1,5224.4
2026-02-25 20:00,5224.1,5225.0,5163.3,5180.0
2026-02-26 00:00,5179.1,5213.4,5170.1,5208.1
2026-02-26 04:00,5208.1,5221.9,5196.4,5202.6
2026-02-26 08:00,5202.8,5207.9,5176.4,5180.7
2026-02-26 12:00,5180.9,5210.1,5144.8,5202.5
2026-02-26 16:00,5203.0,5211.3,5176.3,5204.2
2026-02-26 20:00,5203.9,5218.2,5191.5,5200.9
2026-02-27 00:00,5201.6,5216.2,5182.9,5201.2
2026-02-27 04:00,5200.6,5217.5,5192.6,5193.1
2026-02-27 08:00,5193.2,5202.2,5183.2,5202.0
2026-02-27 12:00,5202.1,5265.0,5199.6,5257.8
2026-02-27 16:00,5258.0,5276.6,5237.4,5268.4
2026-02-27 20:00,5267.9,5299.0,5247.9,5247.9
2026-03-01 20:00,5364.2,5409.7,5354.3,5400.4
2026-03-02 00:00,5401.3,5402.0,5315.3,5378.7
2026-03-02 04:00,5378.6,5434.1,5353.4,5423.0
2026-03-02 08:00,5422.8,5432.0,5386.0,5399.6
2026-03-02 12:00,5399.9,5432.2,5318.6,5329.6
2026-03-02 16:00,5328.7,5348.5,5272.9,5344.2
2026-03-02 20:00,5344.1,5360.9,5334.9,5359.1
2026-03-03 00:00,5359.9,5394.2,5346.7,5381.2
2026-03-03 04:00,5380.8,5389.2,5292.1,5340.6
2026-03-03 08:00,5340.5,5349.0,5081.4,5154.0
2026-03-03 12:00,5154.5,5236.9,5005.0,5105.3
2026-03-03 16:00,5105.4,5161.5,5075.1,5122.3
2026-03-03 20:00,5123.7,5141.7,5092.8,5133.4
2026-03-04 00:00,5134.5,5200.7,5114.3,5183.1
2026-03-04 04:00,5183.3,5189.6,5130.0,5178.2
2026-03-04 08:00,5178.3,5214.7,5157.8,5204.2
2026-03-04 12:00,5204.3,5218.3,5140.2,5161.6
2026-03-04 16:00,5161.2,5172.6,5119.4,5148.7
2026-03-04 20:00,5148.4,5177.8,5134.8,5176.2
2026-03-05 00:00,5176.5,5204.3,5170.4,5189.5
2026-03-05 04:00,5189.4,5195.9,5129.0,5171.4
2026-03-05 08:00,5171.1,5192.5,5146.2,5174.8
2026-03-05 12:00,5175.1,5182.7,5065.5,5111.3
2026-03-05 16:00,5111.8,5113.5,5058.9,5074.6
2026-03-05 20:00,5074.3,5119.2,5071.2,5095.6
2026-03-06 00:00,5095.5,5151.3,5074.0,5139.9
2026-03-06 04:00,5139.9,5145.2,5114.0,5128.2
2026-03-06 08:00,5128.0,5132.3,5071.0,5086.1
2026-03-06 12:00,5086.3,5182.0,5073.9,5151.2
2026-03-06 16:00,5151.7,5183.8,5136.0,5168.5
2026-03-06 20:00,5168.2,5185.0,5157.5,5158.7
2026-03-08 20:00,5165.5,5180.0,5050.0,5083.4
2026-03-09 00:00,5083.1,5109.1,5021.2,5098.0
2026-03-09 04:00,5098.0,5147.6,5087.1,5106.7
2026-03-09 08:00,5106.8,5140.5,5086.5,5095.7
2026-03-09 12:00,5096.2,5124.7,5066.9,5108.5
2026-03-09 16:00,5108.1,5154.7,5097.7,5150.5
2026-03-09 20:00,5150.9,5165.6,5127.1,5149.8
2026-03-10 00:00,5149.3,5195.8,5134.0,5166.4
2026-03-10 04:00,5165.3,5191.3,5162.4,5190.5
2026-03-10 08:00,5190.6,5204.0,5165.6,5184.2
2026-03-10 12:00,5184.6,5248.7,5171.4,5238.0
2026-03-10 16:00,5238.1,5245.1,5169.0,5207.0
2026-03-10 20:00,5206.7,5207.7,5191.3,5204.9
2026-03-11 00:00,5205.0,5230.9,5194.0,5211.1
2026-03-11 04:00,5211.5,5218.4,5192.1,5203.7
2026-03-11 08:00,5203.3,5206.7,5182.3,5189.2
2026-03-11 12:00,5188.7,5207.5,5155.9,5173.4
2026-03-11 16:00,5173.4,5191.2,5158.4,5191.0
2026-03-11 20:00,5190.8,5191.5,5135.0,5140.0
2026-03-12 00:00,5139.4,5180.6,5130.0,5158.2
2026-03-12 04:00,5158.4,5190.9,5142.0,5188.4
2026-03-12 08:00,5188.2,5197.8,5178.6,5184.8
2026-03-12 12:00,5185.0,5192.5,5114.6,5138.0
2026-03-12 16:00,5138.1,5144.3,5084.5,5091.7
2026-03-12 20:00,5092.0,5104.4,5058.2,5101.5
2026-03-13 00:00,5101.0,5132.4,5100.4,5119.2
2026-03-13 04:00,5118.9,5121.1,5075.5,5089.5
2026-03-13 08:00,5089.8,5112.9,5066.0,5112.9
2026-03-13 12:00,5113.0,5128.5,5032.2,5039.1
2026-03-13 16:00,5038.8,5068.1,5014.1,5022.0
2026-03-13 20:00,5022.3,5030.0,5017.0,5023.1
2026-03-15 20:00,5027.6,5030.0,4970.1,5000.6
2026-03-16 00:00,5001.1,5035.4,4986.0,5022.5
2026-03-16 04:00,5023.2,5039.8,4992.9,4998.9
2026-03-16 08:00,4998.7,5028.2,4973.5,5001.9
2026-03-16 12:00,5001.7,5044.5,4988.5,4991.9
2026-03-16 16:00,4991.5,5026.5,4978.6,5019.3
2026-03-16 20:00,5018.9,5028.0,5003.9,5018.0
2026-03-17 00:00,5018.0,5037.5,4998.7,5030.3
2026-03-17 04:00,5031.1,5049.4,5009.0,5025.0
2026-03-17 08:00,5025.2,5033.5,4994.8,5007.3
2026-03-17 12:00,5007.0,5036.7,4977.0,5002.6
2026-03-17 16:00,5002.5,5013.7,4995.6,5005.1
2026-03-17 20:00,5004.9,5011.6,4996.9,5006.6
2026-03-18 00:00,5006.6,5022.0,4988.5,4992.7
2026-03-18 04:00,4994.5,5020.5,4984.9,4999.1
2026-03-18 08:00,4999.0,5001.7,4928.0,4933.3
2026-03-18 12:00,4933.9,4935.9,4837.1,4866.3
2026-03-18 16:00,4866.2,4904.5,4841.4,4846.8
2026-03-18 20:00,4846.5,4852.1,4806.0,4839.2
2026-03-19 00:00,4838.4,4868.7,4833.7,4852.7
2026-03-19 04:00,4852.4,4855.7,4727.3,4729.6
2026-03-19 08:00,4729.3,4742.2,4652.4,4654.4
2026-03-19 12:00,4654.9,4657.0,4505.0,4598.3
2026-03-19 16:00,4598.0,4666.9,4576.7,4647.9
2026-03-19 20:00,4647.5,4679.5,4635.8,4645.5
2026-03-20 00:00,4645.5,4738.2,4640.5,4725.2
2026-03-20 04:00,4726.3,4728.0,4661.6,4707.2
2026-03-20 08:00,4707.7,4736.3,4638.2,4673.4
2026-03-20 12:00,4673.4,4696.9,4542.1,4555.3
2026-03-20 16:00,4554.9,4616.3,4478.4,4503.8
2026-03-20 20:00,4503.5,4516.6,4492.0,4496.3
2026-03-22 20:00,4511.7,4537.1,4453.2,4465.9
2026-03-23 00:00,4466.2,4474.8,4322.0,4355.3
2026-03-23 04:00,4355.9,4385.0,4100.0,4205.7
2026-03-23 08:00,4206.5,4466.3,4203.6,4379.2
2026-03-23 12:00,4380.1,4516.5,4338.0,4365.6
2026-03-23 16:00,4364.1,4469.5,4354.1,4401.5
2026-03-23 20:00,4400.7,4450.5,4363.5,4442.8
2026-03-24 00:00,4442.7,4448.4,4306.3,4346.8
2026-03-24 04:00,4347.4,4437.6,4319.9,4420.2
2026-03-24 08:00,4420.1,4443.2,4372.4,4408.0
2026-03-24 12:00,4408.2,4435.0,4350.4,4412.8
2026-03-24 16:00,4412.4,4428.9,4372.2,4400.9
2026-03-24 20:00,4400.8,4555.0,4397.7,4549.2
2026-03-25 00:00,4549.0,4601.0,4540.5,4567.8
2026-03-25 04:00,4568.5,4573.2,4532.5,4539.0
2026-03-25 08:00,4539.2,4586.2,4525.7,4577.4
2026-03-25 12:00,4577.8,4582.5,4519.5,4557.4
2026-03-25 16:00,4557.1,4566.6,4484.3,4528.7
2026-03-25 20:00,4528.3,4539.6,4485.6,4495.3
2026-03-26 00:00,4495.3,4541.6,4495.2,4510.2
2026-03-26 04:00,4513.3,4520.9,4412.1,4449.4
2026-03-26 08:00,4448.7,4456.0,4409.3,4419.7
2026-03-26 12:00,4420.1,4476.6,4412.7,4434.0
2026-03-26 16:00,4434.0,4438.9,4356.4,4361.3
2026-03-26 20:00,4361.1,4416.8,4348.2,4400.3
2026-03-27 00:00,4399.4,4440.2,4370.5,4432.0
2026-03-27 04:00,4431.8,4483.2,4426.2,4475.2
2026-03-27 08:00,4475.3,4478.2,4432.2,4447.5
2026-03-27 12:00,4447.6,4585.3,4439.8,4554.4
2026-03-27 16:00,4554.6,4563.8,4515.0,4543.1
2026-03-27 20:00,4543.5,4549.3,4518.9,4520.5
2026-03-29 20:00,4510.1,4538.9,4472.0,4476.9
2026-03-30 00:00,4477.0,4548.0,4444.7,4528.1
2026-03-30 04:00,4526.5,4579.2,4514.9,4555.2
2026-03-30 08:00,4555.1,4611.4,4551.3,4589.0
2026-03-30 12:00,4589.5,4609.0,4542.0,4578.1
2026-03-30 16:00,4578.4,4580.0,4522.7,4543.2
2026-03-30 20:00,4543.7,4552.5,4520.8,4542.1
2026-03-31 00:00,4541.4,4649.5,4510.0,4584.9
2026-03-31 04:00,4585.9,4610.2,4571.8,4594.7
2026-03-31 08:00,4594.5,4623.9,4558.9,4612.8
2026-03-31 12:00,4613.3,4662.0,4597.8,4640.0
2026-03-31 16:00,4640.1,4716.3,4637.5,4713.3
2026-03-31 20:00,4713.4,4728.8,4690.0,4723.6
2026-04-01 00:00,4723.6,4751.9,4704.5,4707.0
2026-04-01 04:00,4707.6,4774.2,4693.0,4739.4
2026-04-01 08:00,4739.6,4791.5,4737.0,4780.2
2026-04-01 12:00,4780.2,4816.2,4743.3,4814.4
2026-04-01 16:00,4814.3,4821.0,4768.2,4791.7
2026-04-01 20:00,4791.7,4825.9,4776.6,4808.9
2026-04-02 00:00,4809.3,4823.9,4675.7,4707.1
2026-04-02 04:00,4703.6,4708.6,4580.4,4668.2
2026-04-02 08:00,4668.1,4674.5,4618.8,4626.2
2026-04-02 12:00,4626.6,4726.4,4605.5,4687.5
2026-04-02 16:00,4686.9,4708.6,4668.6,4697.9
2026-04-02 20:00,4698.6,4703.6,4690.4,4702.7
2026-04-05 20:00,4675.0,4699.3,4631.0,4636.8
2026-04-06 00:00,4637.2,4697.5,4626.2,4666.3
2026-04-06 04:00,4665.3,4714.3,4665.1,4710.5
2026-04-06 08:00,4710.4,4733.1,4703.4,4704.6
2026-04-06 12:00,4704.9,4724.0,4677.4,4693.4
2026-04-06 16:00,4693.5,4698.0,4671.4,4682.2
2026-04-06 20:00,4682.6,4694.9,4674.6,4685.9
2026-04-07 00:00,4685.9,4692.0,4641.4,4674.9
2026-04-07 04:00,4675.2,4690.3,4648.4,4671.1
2026-04-07 08:00,4671.2,4721.2,4653.9,4684.6
2026-04-07 12:00,4685.2,4696.3,4631.9,4681.3
2026-04-07 16:00,4681.8,4745.7,4678.1,4727.3
2026-04-07 20:00,4727.3,4863.5,4723.0,4860.7
2026-04-08 00:00,4860.7,4888.0,4817.2,4828.2
2026-04-08 04:00,4826.8,4872.2,4819.8,4839.7
2026-04-08 08:00,4839.9,4846.0,4798.2,4826.4
2026-04-08 12:00,4826.3,4834.8,4757.6,4782.0
2026-04-08 16:00,4782.2,4791.1,4720.6,4755.3
2026-04-08 20:00,4755.2,4757.7,4728.5,4738.8
2026-04-09 00:00,4739.4,4756.6,4718.6,4735.0
2026-04-09 04:00,4734.6,4755.2,4727.2,4748.4
2026-04-09 08:00,4748.3,4782.7,4744.1,4781.3
2026-04-09 12:00,4781.7,4823.9,4759.6,4817.4
2026-04-09 16:00,4817.7,4826.0,4790.7,4793.0
2026-04-09 20:00,4793.0,4810.0,4779.8,4787.0
2026-04-10 00:00,4786.6,4800.4,4760.4,4789.1
2026-04-10 04:00,4790.4,4794.6,4764.6,4773.0
2026-04-10 08:00,4773.3,4792.9,4752.7,4792.0
2026-04-10 12:00,4792.1,4820.0,4779.3,4785.8
2026-04-10 16:00,4785.9,4797.7,4768.4,4783.6
2026-04-10 20:00,4783.5,4783.5,4764.0,4771.0
2026-04-12 20:00,4688.7,4707.4,4664.6,4693.6
2026-04-13 00:00,4693.7,4749.5,4686.9,4741.6
2026-04-13 04:00,4740.0,4762.5,4729.2,4756.4
2026-04-13 08:00,4756.7,4761.2,4725.2,4729.1
2026-04-13 12:00,4728.6,4768.0,4722.5,4736.9
2026-04-13 16:00,4737.2,4774.4,4731.5,4765.5
2026-04-13 20:00,4765.3,4789.7,4762.2,4781.3
2026-04-14 00:00,4781.7,4802.8,4775.5,4792.3
2026-04-14 04:00,4790.0,4820.4,4780.0,4800.2
2026-04-14 08:00,4799.6,4813.7,4773.3,4797.1
2026-04-14 12:00,4797.1,4842.0,4784.2,4831.9
2026-04-14 16:00,4832.1,4870.0,4829.0,4868.7
2026-04-14 20:00,4869.2,4874.6,4857.2,4861.7
2026-04-15 00:00,4861.5,4895.4,4841.0,4849.6
2026-04-15 04:00,4848.0,4854.3,4827.4,4834.1
2026-04-15 08:00,4833.8,4845.4,4808.4,4835.7
2026-04-15 12:00,4835.0,4854.6,4807.9,4823.5
2026-04-15 16:00,4824.0,4835.0,4812.2,4818.3
2026-04-15 20:00,4818.7,4848.6,4810.5,4845.4
2026-04-16 00:00,4845.4,4859.7,4832.9,4847.7
2026-04-16 04:00,4846.3,4861.3,4836.0,4843.0
2026-04-16 08:00,4842.8,4844.3,4825.6,4843.9
2026-04-16 12:00,4844.1,4846.2,4792.1,4828.2
2026-04-16 16:00,4828.6,4831.4,4802.0,4814.5
2026-04-16 20:00,4814.8,4818.8,4806.0,4812.5
2026-04-17 00:00,4812.0,4822.2,4785.9,4814.1
2026-04-17 04:00,4813.9,4827.2,4800.0,4805.5
2026-04-17 08:00,4806.1,4834.0,4802.6,4822.0
2026-04-17 12:00,4821.7,4917.7,4819.8,4889.7
2026-04-17 16:00,4889.5,4896.0,4873.6,4875.5
2026-04-17 20:00,4875.6,4879.6,4848.0,4879.6
2026-04-19 20:00,4813.4,4815.0,4752.0,4775.0
2026-04-20 00:00,4774.4,4834.5,4764.2,4813.3
2026-04-20 08:00,4879.6,4879.6,4804.6,4830.9
2026-04-20 12:00,4830.8,4847.9,4811.9,4819.9
2026-04-20 16:00,4819.8,4842.1,4812.5,4834.8
2026-04-20 20:00,4835.0,4854.8,4832.8,4842.4
2026-04-21 00:00,4843.0,4851.2,4811.2,4816.3
2026-04-21 04:00,4816.1,4828.8,4790.8,4804.9
2026-04-21 08:00,4804.5,4818.0,4793.3,4814.2
2026-04-21 12:00,4814.4,4816.7,4740.9,4759.8
2026-04-21 16:00,4760.3,4765.9,4685.8,4698.3
2026-04-21 20:00,4698.5,4758.4,4688.4,4755.8
2026-04-22 00:00,4756.3,4782.7,4753.5,4777.0
2026-04-22 04:00,4776.1,4790.8,4769.9,4779.5
2026-04-22 08:00,4779.6,4781.4,4764.3,4768.9
2026-04-22 12:00,4769.2,4779.4,4743.2,4746.2
2026-04-22 16:00,4746.1,4770.2,4742.1,4759.0
2026-04-22 20:00,4759.4,4763.6,4740.6,4745.0
2026-04-23 00:00,4745.0,4771.3,4710.4,4720.0
2026-04-23 04:00,4719.0,4739.0,4705.7,4736.1
2026-04-23 08:00,4735.6,4742.1,4700.0,4737.4
2026-04-23 12:00,4737.1,4761.7,4733.3,4737.3
2026-04-23 16:00,4737.6,4754.1,4680.1,4712.8
2026-04-23 20:00,4712.5,4719.8,4702.0,4710.8
2026-04-24 00:00,4711.7,4726.7,4683.5,4687.5
2026-04-24 04:00,4686.9,4710.7,4672.2,4709.4
2026-04-24 08:00,4710.1,4733.9,4689.6,4723.2
2026-04-24 12:00,4723.2,4757.1,4705.4,4743.9
2026-04-24 16:00,4743.6,4747.0,4729.5,4732.1
2026-04-24 20:00,4731.9,4740.9,4721.1,4740.9
2026-04-26 20:00,4696.1,4704.0,4689.1,4694.8
2026-04-27 00:00,4695.3,4744.8,4686.6,4739.8
2026-04-27 04:00,4739.8,4745.8,4724.0,4727.9
2026-04-27 08:00,4728.4,4730.0,4713.5,4719.7
2026-04-27 12:00,4720.1,4728.0,4681.2,4684.8
2026-04-27 16:00,4684.6,4700.9,4681.5,4696.2
2026-04-27 20:00,4695.9,4710.3,4691.8,4707.1
2026-04-28 00:00,4707.1,4716.5,4679.9,4685.6
2026-04-28 04:00,4684.6,4685.1,4634.4,4646.6
2026-04-28 08:00,4647.0,4649.4,4568.0,4575.2
2026-04-28 12:00,4575.6,4613.8,4567.6,4600.1
2026-04-28 16:00,4600.0,4615.9,4591.4,4609.6
2026-04-28 20:00,4609.4,4614.0,4602.0,4609.7
2026-04-29 00:00,4609.5,4624.3,4589.1,4609.6
2026-04-29 04:00,4609.1,4621.3,4580.5,4581.4
2026-04-29 08:00,4581.6,4594.3,4564.5,4574.7
2026-04-29 12:00,4574.2,4582.1,4522.2,4560.2
2026-04-29 16:00,4560.6,4578.3,4532.0,4560.8
2026-04-29 20:00,4561.2,4574.2,4550.8,4573.8
2026-04-30 00:00,4573.6,4594.1,4566.9,4567.9
2026-04-30 04:00,4567.4,4617.3,4552.2,4610.6
2026-04-30 08:00,4610.5,4658.8,4609.2,4643.0
2026-04-30 12:00,4643.3,4658.6,4621.3,4628.1
2026-04-30 16:00,4628.2,4640.3,4618.0,4630.0
2026-04-30 20:00,4630.4,4652.0,4628.3,4638.9
2026-05-01 00:00,4639.0,4648.1,4625.9,4638.6
2026-05-01 04:00,4637.8,4640.3,4586.8,4589.5
2026-05-01 08:00,4589.7,4594.0,4570.0,4590.0
2026-05-01 12:00,4589.5,4673.0,4586.0,4654.4
2026-05-01 16:00,4654.0,4661.3,4621.0,4623.0
2026-05-01 20:00,4623.0,4644.5,4619.0,4644.5
2026-05-03 20:00,4633.3,4640.9,4622.4,4625.0
2026-05-04 00:00,4624.8,4629.9,4602.0,4627.8
2026-05-04 04:00,4626.5,4626.5,4588.6,4589.7
2026-05-04 08:00,4589.9,4595.3,4535.0,4571.1
2026-05-04 12:00,4571.3,4594.7,4520.6,4531.6
2026-05-04 16:00,4531.4,4541.8,4510.1,4527.6
2026-05-04 20:00,4527.5,4535.9,4521.3,4528.1
2026-05-05 00:00,4528.6,4556.4,4522.7,4544.7
2026-05-05 04:00,4543.5,4568.1,4537.0,4555.4
2026-05-05 08:00,4555.4,4575.5,4550.0,4572.9
2026-05-05 12:00,4572.7,4597.5,4564.2,4579.4
2026-05-05 16:00,4579.4,4579.9,4562.3,4566.0
2026-05-05 20:00,4566.0,4606.2,4556.1,4604.5
2026-05-06 00:00,4604.1,4662.0,4598.3,4653.5
2026-05-06 04:00,4653.6,4693.2,4653.3,4692.4
2026-05-06 08:00,4692.7,4734.6,4682.8,4703.3
2026-05-06 12:00,4703.3,4728.7,4671.0,4699.3
2026-05-06 16:00,4699.0,4711.3,4689.8,4703.0
2026-05-06 20:00,4703.5,4710.4,4695.8,4708.2
2026-05-07 00:00,4708.3,4730.5,4694.0,4709.0
2026-05-07 04:00,4707.7,4760.5,4700.4,4752.5
2026-05-07 08:00,4753.2,4763.6,4732.0,4752.0
2026-05-07 12:00,4752.1,4775.2,4694.3,4739.1
2026-05-07 16:00,4739.3,4739.9,4696.6,4712.9
2026-05-07 20:00,4713.0,4729.1,4671.0,4713.2
2026-05-08 00:00,4713.4,4741.4,4702.7,4729.0
2026-05-08 04:00,4728.6,4743.5,4706.2,4717.4
2026-05-08 08:00,4717.2,4737.8,4715.9,4727.5
2026-05-08 12:00,4727.5,4760.4,4709.6,4716.6
2026-05-08 16:00,4716.4,4738.6,4715.0,4733.4
2026-05-08 20:00,4733.8,4733.9,4723.3,4730.7
2026-05-10 20:00,4696.8,4707.5,4690.0,4700.3
2026-05-11 00:00,4699.9,4714.1,4678.4,4687.0
2026-05-11 04:00,4686.4,4688.8,4655.1,4676.4
2026-05-11 08:00,4676.3,4687.5,4658.7,4683.3
2026-05-11 12:00,4682.9,4758.4,4675.9,4741.8
2026-05-11 16:00,4742.0,4746.5,4716.8,4743.5
2026-05-11 20:00,4743.7,4780.3,4739.5,4777.2
2026-05-12 00:00,4776.7,4783.4,4726.8,4729.0
2026-05-12 04:00,4729.1,4739.6,4692.4,4707.8
2026-05-12 08:00,4707.5,4717.2,4692.8,4714.6
2026-05-12 12:00,4714.5,4719.8,4645.2,4673.1
2026-05-12 16:00,4673.5,4723.3,4671.3,4723.2
2026-05-12 20:00,4722.8,4731.6,4719.4,4724.7
2026-05-13 00:00,4724.5,4734.8,4696.0,4703.0
2026-05-13 04:00,4704.5,4723.1,4701.3,4710.4
2026-05-13 08:00,4710.3,4718.2,4692.3,4705.2
2026-05-13 12:00,4704.9,4709.4,4676.0,4703.3
2026-05-13 16:00,4703.0,4717.9,4685.5,4696.1
2026-05-13 20:00,4696.0,4709.0,4693.7,4703.5
2026-05-14 00:00,4703.1,4714.0,4679.3,4680.8
2026-05-14 04:00,4680.8,4725.8,4673.2,4700.1
2026-05-14 08:00,4699.5,4713.6,4694.6,4700.4
2026-05-14 12:00,4700.2,4716.9,4671.3,4691.9
2026-05-14 16:00,4692.1,4693.5,4658.0,4659.5
2026-05-14 20:00,4659.6,4670.1,4649.3,4656.7
2026-05-15 00:00,4656.4,4662.8,4611.0,4619.8
2026-05-15 04:00,4619.3,4625.9,4560.1,4575.7
2026-05-15 08:00,4575.6,4577.0,4535.4,4555.9
2026-05-15 12:00,4556.0,4570.9,4513.8,4543.8
2026-05-15 16:00,4543.8,4568.7,4533.2,4549.8
2026-05-15 20:00,4550.2,4561.9,4537.0,4561.9
2026-05-17 20:00,4557.4,4558.6,4535.1,4540.9
2026-05-18 00:00,4541.0,4551.4,4483.5,4546.8
2026-05-18 04:00,4545.2,4564.0,4533.1,4550.0
2026-05-18 08:00,4550.0,4571.9,4533.5,4554.2
2026-05-18 12:00,4554.4,4588.6,4536.2,4547.7
2026-05-18 16:00,4548.6,4569.5,4537.6,4562.9
2026-05-18 20:00,4563.3,4593.2,4562.4,4585.5
2026-05-19 00:00,4585.4,4593.1,4545.2,4548.9
2026-05-19 04:00,4547.8,4562.7,4533.9,4560.7
2026-05-19 08:00,4560.7,4562.5,4528.6,4534.0
2026-05-19 12:00,4533.8,4550.9,4467.1,4511.7
2026-05-19 16:00,4512.0,4516.0,4484.8,4487.0
2026-05-19 20:00,4486.9,4499.5,4480.0,4491.8
2026-05-20 00:00,4492.2,4512.0,4455.0,4467.1
2026-05-20 04:00,4465.8,4488.7,4458.6,4480.9
2026-05-20 08:00,4481.1,4503.7,4475.1,4501.2
2026-05-20 12:00,4501.0,4558.4,4469.1,4532.1
2026-05-20 16:00,4532.1,4553.8,4527.1,4548.1
2026-05-20 20:00,4548.4,4553.2,4535.6,4548.0
2026-05-21 00:00,4548.3,4572.4,4528.3,4529.9
2026-05-21 04:00,4529.4,4541.6,4513.2,4520.8
2026-05-21 08:00,4520.9,4544.2,4505.7,4515.0
2026-05-21 12:00,4515.2,4522.3,4488.3,4513.0
2026-05-21 16:00,4513.2,4561.2,4513.1,4544.1
2026-05-21 20:00,4543.9,4547.0,4532.7,4536.0
2026-05-22 00:00,4536.2,4541.9,4519.4,4529.9
2026-05-22 04:00,4530.6,4535.4,4508.2,4522.7
2026-05-22 08:00,4522.7,4537.6,4511.4,4521.5
2026-05-22 12:00,4521.1,4537.4,4488.0,4521.0
2026-05-22 16:00,4521.3,4529.9,4505.6,4510.0
2026-05-22 20:00,4510.1,4523.2,4505.4,4523.2
2026-05-26 04:00,4542.7,4543.6,4521.8,4538.6
2026-05-26 08:00,4539.0,4540.9,4503.0,4507.5
2026-05-26 12:00,4507.1,4532.3,4500.2,4506.7
2026-05-26 16:00,4506.5,4512.0,4480.0,4508.7
2026-05-26 20:00,4509.0,4528.1,4498.9,4519.6
2026-05-27 00:00,4517.4,4525.8,4496.2,4496.3
2026-05-27 04:00,4496.0,4520.6,4478.5,4513.2
2026-05-27 08:00,4513.1,4529.5,4454.3,4458.3
2026-05-27 12:00,4458.5,4496.5,4431.0,4468.0
2026-05-27 16:00,4468.1,4490.0,4465.6,4483.0
2026-05-27 20:00,4482.8,4502.0,4473.2,4477.7
2026-05-28 00:00,4477.4,4489.5,4398.0,4405.3
2026-05-28 04:00,4404.2,4426.0,4395.6,4417.2
2026-05-28 08:00,4417.5,4434.3,4405.5,4418.2
2026-05-28 12:00,4417.9,4515.9,4409.8,4512.5
2026-05-28 16:00,4512.9,4547.1,4507.5,4528.7
2026-05-28 20:00,4528.7,4531.7,4519.5,4525.6
2026-05-29 00:00,4525.5,4551.2,4522.5,4530.9
2026-05-29 04:00,4531.4,4557.2,4531.4,4555.5
2026-05-29 08:00,4555.0,4574.4,4540.0,4569.1
2026-05-29 12:00,4569.2,4627.1,4543.4,4602.1
2026-05-29 16:00,4602.1,4604.5,4574.1,4576.8
2026-05-29 20:00,4576.9,4593.0,4567.3,4593.0
2026-05-31 20:00,4555.3,4576.4,4554.1,4570.7
2026-06-01 00:00,4570.5,4577.3,4540.3,4546.0
2026-06-01 04:00,4546.9,4555.4,4522.1,4532.7
2026-06-01 08:00,4533.0,4542.8,4518.6,4536.0
2026-06-01 12:00,4535.8,4540.4,4476.0,4504.1
2026-06-01 16:00,4504.7,4525.6,4493.1,4511.1
2026-06-01 20:00,4511.2,4518.6,4508.2,4514.3
2026-06-02 00:00,4514.4,4530.0,4492.3,4528.4
2026-06-02 04:00,4529.3,4571.3,4528.0,4565.2
2026-06-02 08:00,4565.2,4569.3,4550.9,4557.3
2026-06-02 12:00,4557.5,4563.8,4519.4,4531.7
2026-06-02 16:00,4531.7,4532.8,4508.0,4517.7
2026-06-02 20:00,4517.8,4522.7,4490.5,4502.9
2026-06-03 00:00,4502.6,4525.1,4491.2,4512.0
2026-06-03 04:00,4512.4,4516.1,4481.1,4481.6
2026-06-03 08:00,4481.8,4496.5,4467.2,4490.6
2026-06-03 12:00,4490.9,4495.6,4454.0,4469.8
2026-06-03 16:00,4470.0,4480.0,4461.1,4472.0
2026-06-03 20:00,4471.9,4491.2,4450.1,4483.5
2026-06-04 00:00,4484.0,4504.2,4470.0,4490.6
2026-06-04 04:00,4490.6,4511.2,4486.2,4488.5
2026-06-04 08:00,4488.4,4542.4,4485.4,4539.2
2026-06-04 12:00,4539.1,4543.2,4483.8,4504.9
2026-06-04 16:00,4504.9,4513.2,4500.0,4508.9
2026-06-04 20:00,4508.5,4509.3,4487.7,4488.4
2026-06-05 00:00,4488.2,4497.0,4461.2,4468.4
2026-06-05 04:00,4468.7,4494.2,4454.8,4487.7
2026-06-05 08:00,4487.3,4502.2,4484.8,4497.0
2026-06-05 12:00,4497.4,4502.8,4358.8,4360.4
2026-06-05 16:00,4360.3,4372.0,4338.3,4343.5
2026-06-05 20:00,4343.7,4365.3,4336.6,4365.3
2026-06-07 20:00,4342.2,4371.0,4337.3,4367.9
2026-06-08 00:00,4367.0,4377.5,4323.6,4339.8
2026-06-08 04:00,4342.0,4346.4,4293.0,4319.9
2026-06-08 08:00,4319.3,4358.5,4297.1,4356.3
2026-06-08 12:00,4355.7,4371.5,4339.0,4366.1
2026-06-08 16:00,4365.9,4371.0,4346.6,4350.3
2026-06-08 20:00,4350.5,4363.4,4336.0,4340.9
2026-06-09 00:00,4340.9,4366.5,4338.8,4359.8
2026-06-09 04:00,4360.8,4375.7,4346.0,4350.2
2026-06-09 08:00,4350.1,4368.3,4344.5,4364.3
2026-06-09 12:00,4364.4,4388.6,4287.1,4296.7
2026-06-09 16:00,4296.5,4305.3,4259.9,4282.7
2026-06-09 20:00,4282.8,4286.1,4233.0,4245.1
2026-06-10 00:00,4245.2,4251.1,4195.5,4208.2
2026-06-10 04:00,4208.9,4245.5,4194.2,4209.7
2026-06-10 08:00,4209.4,4211.0,4168.2,4170.2
2026-06-10 12:00,4169.9,4209.5,4129.6,4151.9
2026-06-10 16:00,4152.7,4158.8,4105.0,4106.2
2026-06-10 20:00,4106.0,4106.4,4046.2,4069.7
2026-06-11 00:00,4070.9,4138.5,4058.0,4095.5
2026-06-11 04:00,4094.4,4131.5,4091.2,4125.8
2026-06-11 08:00,4125.7,4133.6,4098.1,4100.7
2026-06-11 12:00,4100.9,4116.8,4072.8,4110.0
2026-06-11 16:00,4110.2,4241.3,4092.9,4229.9
2026-06-11 20:00,4230.2,4267.8,4226.2,4240.6
2026-06-12 00:00,4240.1,4251.7,4192.9,4220.9
2026-06-12 04:00,4219.0,4222.6,4191.1,4215.2
2026-06-12 08:00,4215.9,4249.6,4213.2,4227.8
2026-06-12 12:00,4227.9,4256.8,4197.5,4232.4
2026-06-12 16:00,4232.3,4256.2,4223.2,4231.9
2026-06-12 20:00,4231.6,4240.6,4230.7,4238.8
2026-06-14 20:00,4325.6,4327.0,4300.0,4314.3
2026-06-15 00:00,4314.3,4356.8,4306.4,4345.7
2026-06-15 04:00,4346.4,4353.9,4321.6,4344.3
2026-06-15 08:00,4344.1,4368.9,4342.7,4356.6
2026-06-15 12:00,4356.6,4391.5,4345.3,4377.6
2026-06-15 16:00,4377.8,4380.3,4338.2,4342.4
2026-06-15 20:00,4342.6,4343.9,4326.7,4337.3
2026-06-16 00:00,4336.6,4354.1,4327.4,4351.4
2026-06-16 04:00,4352.1,4357.1,4334.2,4356.6
2026-06-16 08:00,4356.4,4370.6,4354.2,4361.4
2026-06-16 12:00,4361.6,4376.5,4333.7,4355.7
2026-06-16 16:00,4355.6,4368.1,4346.4,4355.6
2026-06-16 20:00,4355.3,4358.0,4348.7,4350.8
2026-06-17 00:00,4350.9,4369.8,4348.2,4351.2
2026-06-17 04:00,4352.2,4353.8,4337.1,4344.7
2026-06-17 08:00,4344.8,4355.1,4335.6,4342.6
2026-06-17 12:00,4342.8,4385.5,4338.7,4383.6
2026-06-17 16:00,4383.3,4403.6,4237.4,4254.3
2026-06-17 20:00,4254.2,4303.0,4253.3,4297.2
2026-06-18 00:00,4297.6,4350.2,4296.2,4339.6
2026-06-18 04:00,4340.0,4345.2,4307.1,4308.4
2026-06-18 08:00,4308.6,4312.6,4257.9,4260.6
2026-06-18 12:00,4260.5,4296.2,4241.7,4245.5
2026-06-18 16:00,4245.8,4252.5,4220.3,4236.2
2026-06-18 20:00,4236.2,4238.7,4205.0,4206.8
2026-06-19 00:00,4206.9,4216.9,4162.7,4167.5
2026-06-21 20:00,4163.9,4181.5,4151.4,4157.0
2026-06-22 00:00,4157.3,4238.1,4156.6,4189.6
2026-06-22 04:00,4189.2,4225.4,4172.9,4208.5
2026-06-22 08:00,4208.3,4233.7,4172.9,4225.3
2026-06-22 12:00,4225.9,4229.9,4172.9,4201.0
2026-06-22 16:00,4200.8,4211.9,4172.9,4209.4
2026-06-22 20:00,4209.4,4213.6,4172.9,4205.5
2026-06-23 00:00,4205.0,4216.0,4148.4,4162.2
2026-06-23 04:00,4161.8,4164.8,4114.0,4116.0
2026-06-23 08:00,4116.3,4151.1,4108.2,4141.1
2026-06-23 12:00,4141.0,4163.5,4122.8,4156.7
2026-06-23 16:00,4156.8,4161.8,4129.1,4129.6
2026-06-23 20:00,4129.9,4132.4,4097.9,4116.6
2026-06-24 00:00,4117.0,4129.7,4067.0,4079.9
2026-06-24 04:00,4080.1,4114.7,4071.6,4091.5
2026-06-24 08:00,4091.6,4104.8,4053.9,4063.2
2026-06-24 12:00,4063.4,4065.2,3980.3,4019.5
2026-06-24 16:00,4019.4,4039.7,3975.7,4004.9
2026-06-24 20:00,4005.5,4033.9,4001.6,4026.6
2026-06-25 00:00,4028.3,4031.5,3976.3,4012.4
2026-06-25 04:00,4011.1,4015.7,3986.6,4003.5
2026-06-25 08:00,4003.6,4017.9,3988.6,3995.3
2026-06-25 12:00,3995.4,4058.7,3993.5,4057.5
2026-06-25 16:00,4057.2,4060.0,4036.8,4041.6
2026-06-25 20:00,4042.1,4051.6,4027.5,4030.2
2026-06-26 00:00,4029.9,4044.8,3998.1,4018.6
2026-06-26 04:00,4019.4,4055.5,4013.8,4046.4
2026-06-26 08:00,4046.1,4071.5,4041.2,4061.0
2026-06-26 12:00,4061.1,4111.5,4050.6,4106.3
2026-06-26 16:00,4106.1,4109.2,4079.0,4086.2
2026-06-26 20:00,4086.4,4104.4,4079.0,4096.3
2026-06-28 20:00,4089.8,4092.4,4065.9,4076.7
2026-06-29 00:00,4076.3,4090.4,4062.6,4083.2
2026-06-29 04:00,4082.8,4083.2,4053.8,4076.3
2026-06-29 08:00,4075.7,4081.0,4038.1,4053.3
2026-06-29 12:00,4053.5,4067.0,4012.0,4041.5
2026-06-29 16:00,4041.5,4046.7,4019.2,4030.4
2026-06-29 20:00,4030.6,4036.7,4023.5,4029.4
2026-06-30 00:00,4028.6,4028.9,3955.4,3983.8
2026-06-30 04:00,3982.5,4048.7,3981.3,4046.3
2026-06-30 08:00,4046.4,4051.8,4025.9,4047.5
2026-06-30 12:00,4048.0,4078.1,4022.1,4044.2
2026-06-30 16:00,4043.8,4048.7,4029.1,4030.2
2026-06-30 20:00,4030.2,4036.0,4018.0,4018.9
2026-07-01 00:00,4018.9,4022.7,3983.0,3992.9
2026-07-01 04:00,3993.4,3995.4,3973.0,3988.7
2026-07-01 08:00,3988.8,4049.4,3982.5,4044.0
2026-07-01 12:00,4044.5,4131.0,4026.6,4095.1
2026-07-01 16:00,4095.5,4102.9,4048.4,4052.3
2026-07-01 20:00,4052.2,4057.2,4042.1,4047.4
2026-07-02 00:00,4047.1,4086.3,4042.8,4082.3
2026-07-02 04:00,4082.1,4092.5,4065.2,4076.6
2026-07-02 08:00,4076.5,4092.6,4069.7,4077.5
2026-07-02 12:00,4077.3,4157.1,4073.4,4141.4
2026-07-02 16:00,4141.7,4143.2,4113.0,4134.0
2026-07-02 20:00,4134.2,4149.1,4129.4,4139.2
2026-07-03 00:00,4139.0,4208.3,4135.9,4188.5
2026-07-05 20:00,4187.5,4214.1,4184.4,4195.2
2026-07-06 00:00,4195.8,4215.5,4172.7,4177.0
2026-07-06 04:00,4177.0,4187.3,4156.4,4175.7
2026-07-06 08:00,4176.4,4187.3,4148.4,4167.4
2026-07-06 12:00,4167.4,4187.3,4140.6,4159.9
2026-07-06 16:00,4160.1,4187.3,4152.0,4175.5
2026-07-06 20:00,4175.4,4187.3,4168.0,4168.7
2026-07-07 00:00,4168.5,4174.5,4135.2,4141.8
2026-07-07 04:00,4142.4,4152.4,4127.7,4135.8
2026-07-07 08:00,4135.4,4170.0,4130.6,4168.6
2026-07-07 12:00,4168.6,4192.4,4146.9,4150.1
2026-07-07 16:00,4150.4,4159.8,4102.7,4125.1
2026-07-07 20:00,4125.3,4126.7,4104.0,4108.8
2026-07-08 00:00,4108.5,4142.3,4106.8,4133.7
2026-07-08 04:00,4134.2,4144.7,4125.4,4132.0
2026-07-08 08:00,4132.0,4132.5,4050.0,4072.3
2026-07-08 12:00,4071.9,4096.8,4032.5,4044.1
2026-07-08 16:00,4044.5,4101.6,4043.4,4090.2
2026-07-08 20:00,4090.5,4093.5,4081.1,4085.6
2026-07-09 00:00,4087.5,4099.1,4063.4,4072.1
2026-07-09 04:00,4073.6,4121.0,4065.9,4117.9
2026-07-09 08:00,4117.9,4127.4,4102.8,4118.7
2026-07-09 12:00,4118.7,4147.4,4114.8,4136.4
2026-07-09 16:00,4136.8,4148.4,4128.3,4132.4
2026-07-09 20:00,4132.1,4136.8,4130.0,4132.6
2026-07-10 00:00,4132.5,4144.6,4118.3,4129.5
2026-07-10 04:00,4128.8,4130.5,4113.0,4117.9
2026-07-10 08:00,4117.6,4121.8,4103.0,4111.0
2026-07-10 12:00,4111.4,4127.0,4081.7,4122.1
2026-07-10 16:00,4122.4,4124.8,4106.3,4116.6
2026-07-10 20:00,4116.4,4129.0,4113.7,4113.7
2026-07-12 20:00,4097.9,4102.2,4075.8,4092.9
2026-07-13 00:00,4093.1,4099.7,4060.7,4067.4
2026-07-13 04:00,4068.1,4080.9,4052.0,4072.8
2026-07-13 08:00,4072.8,4089.1,4055.0,4064.0
2026-07-13 12:00,4064.0,4075.5,4005.8,4023.3
2026-07-13 16:00,4023.1,4025.5,3992.9,4009.3
2026-07-13 20:00,4009.4,4015.5,3999.1,4007.9
2026-07-14 00:00,4008.6,4025.7,3990.4,4022.6
2026-07-14 04:00,4023.7,4040.4,4019.9,4027.3
2026-07-14 08:00,4027.3,4039.0,4020.1,4038.1
2026-07-14 12:00,4038.5,4112.5,4029.8,4073.1
2026-07-14 16:00,4073.2,4073.8,4049.2,4062.1
2026-07-14 20:00,4062.1,4063.1,4052.7,4058.8
2026-07-15 00:00,4059.0,4068.6,4033.9,4037.9
2026-07-15 04:00,4036.9,4044.7,4025.6,4030.7
2026-07-15 08:00,4030.7,4046.5,4023.3,4044.5
2026-07-15 12:00,4044.9,4080.7,4041.8,4053.2
2026-07-15 16:00,4053.4,4089.1,4033.0,4064.0
2026-07-15 20:00,4063.7,4071.9,4061.1,4063.6
2026-07-16 00:00,4063.8,4067.1,4029.4,4040.7
2026-07-16 04:00,4041.8,4051.8,4027.7,4036.1
2026-07-16 08:00,4035.5,4048.4,4026.2,4044.1
2026-07-16 12:00,4044.4,4048.7,3977.1,4011.8
2026-07-16 16:00,4011.4,4012.3,3973.4,3984.6
2026-07-16 20:00,3984.8,3989.9,3976.2,3989.2
2026-07-17 00:00,3989.5,4012.2,3974.1,3995.7
2026-07-17 04:00,3995.0,4010.7,3978.4,3997.0
2026-07-17 08:00,3996.6,4006.5,3991.3,3997.9
2026-07-17 12:00,3998.2,4026.1,3963.0,4024.1
2026-07-17 16:00,4024.4,4028.9,4012.5,4017.0
