trades,wins,losses,timeouts,wr,wr_res,avg_bars,symbol,tf,gate,exit
257,159,98,0,61.87,61.87,6.09,BTC,5m,cardwell_only,atr_hiwr
260,121,139,0,46.54,46.54,6.42,BTC,5m,cardwell_only,atr_bal
32,3,8,21,9.38,27.27,482.56,BTC,5m,cardwell_only,pct
92,50,42,0,54.35,54.35,6.33,BTC,5m,near,atr_hiwr
93,41,52,0,44.09,44.09,6.39,BTC,5m,near,atr_bal
24,1,9,14,4.17,10.0,443.79,BTC,5m,near,pct
49,25,24,0,51.02,51.02,5.39,BTC,5m,magnet,atr_hiwr
49,20,29,0,40.82,40.82,5.31,BTC,5m,magnet,atr_bal
17,1,4,12,5.88,20.0,483.12,BTC,5m,magnet,pct
114,61,53,0,53.51,53.51,6.24,BTC,5m,near_or_magnet,atr_hiwr
115,49,66,0,42.61,42.61,6.23,BTC,5m,near_or_magnet,atr_bal
25,1,9,15,4.0,10.0,447.92,BTC,5m,near_or_magnet,pct
27,14,13,0,51.85,51.85,5.0,BTC,5m,near_and_magnet,atr_hiwr
27,12,15,0,44.44,44.44,5.11,BTC,5m,near_and_magnet,atr_bal
15,1,4,10,6.67,20.0,464.87,BTC,5m,near_and_magnet,pct
83,52,31,0,62.65,62.65,7.22,BTC,15m,cardwell_only,atr_hiwr
81,36,45,0,44.44,44.44,8.95,BTC,15m,cardwell_only,atr_bal
30,2,11,17,6.67,15.38,133.8,BTC,15m,cardwell_only,pct
36,23,13,0,63.89,63.89,8.08,BTC,15m,near,atr_hiwr
35,15,20,0,42.86,42.86,8.71,BTC,15m,near,atr_bal
18,1,7,10,5.56,12.5,152.56,BTC,15m,near,pct
29,19,10,0,65.52,65.52,6.38,BTC,15m,magnet,atr_hiwr
28,14,14,0,50.0,50.0,5.96,BTC,15m,magnet,atr_bal
15,1,6,8,6.67,14.29,134.33,BTC,15m,magnet,pct
42,27,15,0,64.29,64.29,7.57,BTC,15m,near_or_magnet,atr_hiwr
41,18,23,0,43.9,43.9,7.95,BTC,15m,near_or_magnet,atr_bal
20,1,8,11,5.0,11.11,149.5,BTC,15m,near_or_magnet,pct
23,15,8,0,65.22,65.22,6.87,BTC,15m,near_and_magnet,atr_hiwr
22,11,11,0,50.0,50.0,6.64,BTC,15m,near_and_magnet,atr_bal
13,1,5,7,7.69,16.67,136.23,BTC,15m,near_and_magnet,pct
33,23,10,0,69.7,69.7,8.24,BTC,1h,cardwell_only,atr_hiwr
34,22,12,0,64.71,64.71,7.32,BTC,1h,cardwell_only,atr_bal
16,2,6,8,12.5,25.0,79.19,BTC,1h,cardwell_only,pct
9,4,5,0,44.44,44.44,12.67,BTC,1h,near,atr_hiwr
10,3,7,0,30.0,30.0,7.5,BTC,1h,near,atr_bal
8,1,5,2,12.5,16.67,52.0,BTC,1h,near,pct
10,6,4,0,60.0,60.0,12.5,BTC,1h,magnet,atr_hiwr
11,6,5,0,54.55,54.55,8.0,BTC,1h,magnet,atr_bal
7,1,3,3,14.29,25.0,73.86,BTC,1h,magnet,pct
12,7,5,0,58.33,58.33,11.08,BTC,1h,near_or_magnet,atr_hiwr
13,6,7,0,46.15,46.15,7.69,BTC,1h,near_or_magnet,atr_bal
9,1,5,3,11.11,16.67,59.56,BTC,1h,near_or_magnet,pct
7,3,4,0,42.86,42.86,15.14,BTC,1h,near_and_magnet,atr_hiwr
8,3,5,0,37.5,37.5,7.88,BTC,1h,near_and_magnet,atr_bal
6,1,3,2,16.67,25.0,66.17,BTC,1h,near_and_magnet,pct
9,5,3,1,55.56,62.5,6.89,BTC,4h,cardwell_only,atr_hiwr
9,3,6,0,33.33,33.33,8.89,BTC,4h,cardwell_only,atr_bal
7,4,3,0,57.14,57.14,22.0,BTC,4h,cardwell_only,pct
3,2,0,1,66.67,100.0,4.0,BTC,4h,near,atr_hiwr
3,1,2,0,33.33,33.33,7.33,BTC,4h,near,atr_bal
3,1,1,1,33.33,50.0,12.0,BTC,4h,near,pct
4,3,0,1,75.0,100.0,4.25,BTC,4h,magnet,atr_hiwr
4,1,3,0,25.0,25.0,9.0,BTC,4h,magnet,atr_bal
3,1,2,0,33.33,33.33,17.0,BTC,4h,magnet,pct
4,3,0,1,75.0,100.0,4.25,BTC,4h,near_or_magnet,atr_hiwr
4,1,3,0,25.0,25.0,9.0,BTC,4h,near_or_magnet,atr_bal
3,1,2,0,33.33,33.33,17.0,BTC,4h,near_or_magnet,pct
3,2,0,1,66.67,100.0,4.0,BTC,4h,near_and_magnet,atr_hiwr
3,1,2,0,33.33,33.33,7.33,BTC,4h,near_and_magnet,atr_bal
3,1,1,1,33.33,50.0,12.0,BTC,4h,near_and_magnet,pct
211,129,82,0,61.14,61.14,5.23,EURUSD,5m,cardwell_only,atr_hiwr
221,107,114,0,48.42,48.42,5.37,EURUSD,5m,cardwell_only,atr_bal
209,102,107,0,48.8,48.8,8.97,EURUSD,5m,cardwell_only,pip5
91,53,38,0,58.24,58.24,5.33,EURUSD,5m,near,atr_hiwr
94,42,52,0,44.68,44.68,5.07,EURUSD,5m,near,atr_bal
87,42,45,0,48.28,48.28,8.95,EURUSD,5m,near,pip5
11,7,4,0,63.64,63.64,6.82,EURUSD,5m,magnet,atr_hiwr
11,5,6,0,45.45,45.45,8.45,EURUSD,5m,magnet,atr_bal
11,7,4,0,63.64,63.64,20.82,EURUSD,5m,magnet,pip5
94,55,39,0,58.51,58.51,5.49,EURUSD,5m,near_or_magnet,atr_hiwr
97,43,54,0,44.33,44.33,5.3,EURUSD,5m,near_or_magnet,atr_bal
90,43,47,0,47.78,47.78,9.64,EURUSD,5m,near_or_magnet,pip5
8,5,3,0,62.5,62.5,5.5,EURUSD,5m,near_and_magnet,atr_hiwr
8,4,4,0,50.0,50.0,7.0,EURUSD,5m,near_and_magnet,atr_bal
8,6,2,0,75.0,75.0,17.5,EURUSD,5m,near_and_magnet,pip5
65,42,23,0,64.62,64.62,5.63,EURUSD,15m,cardwell_only,atr_hiwr
64,34,29,1,53.12,53.97,5.81,EURUSD,15m,cardwell_only,atr_bal
65,37,28,0,56.92,56.92,2.28,EURUSD,15m,cardwell_only,pip5
19,13,6,0,68.42,68.42,3.32,EURUSD,15m,near,atr_hiwr
19,10,8,1,52.63,55.56,6.47,EURUSD,15m,near,atr_bal
19,12,7,0,63.16,63.16,2.26,EURUSD,15m,near,pip5
2,2,0,0,100.0,100.0,5.0,EURUSD,15m,magnet,atr_hiwr
2,2,0,0,100.0,100.0,25.0,EURUSD,15m,magnet,atr_bal
2,2,0,0,100.0,100.0,3.0,EURUSD,15m,magnet,pip5
19,13,6,0,68.42,68.42,3.32,EURUSD,15m,near_or_magnet,atr_hiwr
19,10,8,1,52.63,55.56,6.47,EURUSD,15m,near_or_magnet,atr_bal
19,12,7,0,63.16,63.16,2.26,EURUSD,15m,near_or_magnet,pip5
2,2,0,0,100.0,100.0,5.0,EURUSD,15m,near_and_magnet,atr_hiwr
2,2,0,0,100.0,100.0,25.0,EURUSD,15m,near_and_magnet,atr_bal
2,2,0,0,100.0,100.0,3.0,EURUSD,15m,near_and_magnet,pip5
27,17,10,0,62.96,62.96,5.59,EURUSD,1h,cardwell_only,atr_hiwr
28,10,17,1,35.71,37.04,6.96,EURUSD,1h,cardwell_only,atr_bal
28,10,18,0,35.71,35.71,1.39,EURUSD,1h,cardwell_only,pip5
11,6,5,0,54.55,54.55,5.82,EURUSD,1h,near,atr_hiwr
11,4,7,0,36.36,36.36,6.27,EURUSD,1h,near,atr_bal
11,4,7,0,36.36,36.36,1.18,EURUSD,1h,near,pip5
0,0,0,0,,,,EURUSD,1h,magnet,atr_hiwr
0,0,0,0,,,,EURUSD,1h,magnet,atr_bal
0,0,0,0,,,,EURUSD,1h,magnet,pip5
11,6,5,0,54.55,54.55,5.82,EURUSD,1h,near_or_magnet,atr_hiwr
11,4,7,0,36.36,36.36,6.27,EURUSD,1h,near_or_magnet,atr_bal
11,4,7,0,36.36,36.36,1.18,EURUSD,1h,near_or_magnet,pip5
0,0,0,0,,,,EURUSD,1h,near_and_magnet,atr_hiwr
0,0,0,0,,,,EURUSD,1h,near_and_magnet,atr_bal
0,0,0,0,,,,EURUSD,1h,near_and_magnet,pip5
7,3,4,0,42.86,42.86,11.43,EURUSD,4h,cardwell_only,atr_hiwr
8,3,5,0,37.5,37.5,5.88,EURUSD,4h,cardwell_only,atr_bal
8,1,7,0,12.5,12.5,1.0,EURUSD,4h,cardwell_only,pip5
2,2,0,0,100.0,100.0,5.5,EURUSD,4h,near,atr_hiwr
2,2,0,0,100.0,100.0,5.5,EURUSD,4h,near,atr_bal
2,1,1,0,50.0,50.0,1.0,EURUSD,4h,near,pip5
0,0,0,0,,,,EURUSD,4h,magnet,atr_hiwr
0,0,0,0,,,,EURUSD,4h,magnet,atr_bal
0,0,0,0,,,,EURUSD,4h,magnet,pip5
2,2,0,0,100.0,100.0,5.5,EURUSD,4h,near_or_magnet,atr_hiwr
2,2,0,0,100.0,100.0,5.5,EURUSD,4h,near_or_magnet,atr_bal
2,1,1,0,50.0,50.0,1.0,EURUSD,4h,near_or_magnet,pip5
0,0,0,0,,,,EURUSD,4h,near_and_magnet,atr_hiwr
0,0,0,0,,,,EURUSD,4h,near_and_magnet,atr_bal
0,0,0,0,,,,EURUSD,4h,near_and_magnet,pip5
184,132,52,0,71.74,71.74,5.45,XAU,5m,cardwell_only,atr_hiwr
178,99,79,0,55.62,55.62,7.42,XAU,5m,cardwell_only,atr_bal
187,106,81,0,56.68,56.68,2.62,XAU,5m,cardwell_only,pip5
88,62,26,0,70.45,70.45,5.53,XAU,5m,near,atr_hiwr
88,49,39,0,55.68,55.68,6.8,XAU,5m,near,atr_bal
91,47,44,0,51.65,51.65,2.51,XAU,5m,near,pip5
88,61,27,0,69.32,69.32,5.49,XAU,5m,magnet,atr_hiwr
87,48,39,0,55.17,55.17,7.17,XAU,5m,magnet,atr_bal
91,49,42,0,53.85,53.85,3.0,XAU,5m,magnet,pip5
119,87,32,0,73.11,73.11,5.45,XAU,5m,near_or_magnet,atr_hiwr
116,66,50,0,56.9,56.9,6.94,XAU,5m,near_or_magnet,atr_bal
122,66,56,0,54.1,54.1,2.7,XAU,5m,near_or_magnet,pip5
57,36,21,0,63.16,63.16,5.65,XAU,5m,near_and_magnet,atr_hiwr
58,30,28,0,51.72,51.72,7.12,XAU,5m,near_and_magnet,atr_bal
60,30,30,0,50.0,50.0,2.85,XAU,5m,near_and_magnet,pip5
61,46,15,0,75.41,75.41,10.36,XAU,15m,cardwell_only,atr_hiwr
63,29,34,0,46.03,46.03,10.97,XAU,15m,cardwell_only,atr_bal
71,31,40,0,43.66,43.66,1.45,XAU,15m,cardwell_only,pip5
31,22,9,0,70.97,70.97,8.58,XAU,15m,near,atr_hiwr
31,15,16,0,48.39,48.39,10.39,XAU,15m,near,atr_bal
33,14,19,0,42.42,42.42,1.42,XAU,15m,near,pip5
29,20,9,0,68.97,68.97,11.83,XAU,15m,magnet,atr_hiwr
30,11,19,0,36.67,36.67,13.17,XAU,15m,magnet,atr_bal
36,16,20,0,44.44,44.44,1.42,XAU,15m,magnet,pip5
38,27,11,0,71.05,71.05,10.37,XAU,15m,near_or_magnet,atr_hiwr
39,17,22,0,43.59,43.59,11.95,XAU,15m,near_or_magnet,atr_bal
45,20,25,0,44.44,44.44,1.38,XAU,15m,near_or_magnet,pip5
22,15,7,0,68.18,68.18,9.77,XAU,15m,near_and_magnet,atr_hiwr
22,9,13,0,40.91,40.91,11.41,XAU,15m,near_and_magnet,atr_bal
24,10,14,0,41.67,41.67,1.5,XAU,15m,near_and_magnet,pip5
28,15,13,0,53.57,53.57,6.29,XAU,1h,cardwell_only,atr_hiwr
27,10,17,0,37.04,37.04,7.44,XAU,1h,cardwell_only,atr_bal
28,6,22,0,21.43,21.43,1.07,XAU,1h,cardwell_only,pip5
8,5,3,0,62.5,62.5,5.25,XAU,1h,near,atr_hiwr
8,3,5,0,37.5,37.5,8.12,XAU,1h,near,atr_bal
8,2,6,0,25.0,25.0,1.12,XAU,1h,near,pip5
8,5,3,0,62.5,62.5,6.12,XAU,1h,magnet,atr_hiwr
8,4,4,0,50.0,50.0,7.25,XAU,1h,magnet,atr_bal
8,2,6,0,25.0,25.0,1.12,XAU,1h,magnet,pip5
13,8,5,0,61.54,61.54,5.38,XAU,1h,near_or_magnet,atr_hiwr
13,6,7,0,46.15,46.15,7.62,XAU,1h,near_or_magnet,atr_bal
13,3,10,0,23.08,23.08,1.15,XAU,1h,near_or_magnet,pip5
3,2,1,0,66.67,66.67,7.0,XAU,1h,near_and_magnet,atr_hiwr
3,1,2,0,33.33,33.33,8.0,XAU,1h,near_and_magnet,atr_bal
3,1,2,0,33.33,33.33,1.0,XAU,1h,near_and_magnet,pip5
7,6,1,0,85.71,85.71,6.57,XAU,4h,cardwell_only,atr_hiwr
7,5,2,0,71.43,71.43,5.14,XAU,4h,cardwell_only,atr_bal
7,3,4,0,42.86,42.86,1.0,XAU,4h,cardwell_only,pip5
5,5,0,0,100.0,100.0,2.8,XAU,4h,near,atr_hiwr
5,5,0,0,100.0,100.0,3.2,XAU,4h,near,atr_bal
5,3,2,0,60.0,60.0,1.0,XAU,4h,near,pip5
4,4,0,0,100.0,100.0,6.0,XAU,4h,magnet,atr_hiwr
4,3,1,0,75.0,75.0,3.25,XAU,4h,magnet,atr_bal
4,2,2,0,50.0,50.0,1.0,XAU,4h,magnet,pip5
6,6,0,0,100.0,100.0,5.33,XAU,4h,near_or_magnet,atr_hiwr
6,5,1,0,83.33,83.33,3.67,XAU,4h,near_or_magnet,atr_bal
6,3,3,0,50.0,50.0,1.0,XAU,4h,near_or_magnet,pip5
3,3,0,0,100.0,100.0,2.0,XAU,4h,near_and_magnet,atr_hiwr
3,3,0,0,100.0,100.0,2.33,XAU,4h,near_and_magnet,atr_bal
3,2,1,0,66.67,66.67,1.0,XAU,4h,near_and_magnet,pip5
