code_id,code_name,symbol,timeframe,risk_model,period_start,period_end,is_oos,trades,win_rate_pct,profit_factor,net_profit_pct,max_dd_pct,avg_r,verdict,notes
1,utbot,BTCUSDT,5m,crypto_sl1_tp2,2026-06-11,2026-07-11,IS,57,31.6,0.69,-13.9,-15.87,-0.253,fail,"1-month window, costs included"
1,utbot,BTCUSDT,5m,crypto_sl1_tp4,2026-06-11,2026-07-11,IS,25,28.0,1.23,4.47,-9.11,0.2,insufficient_n,"1-month window, costs included"
1,utbot,BTCUSDT,5m,crypto_sl3_tp2,2026-06-11,2026-07-11,IS,21,71.4,1.41,7.51,-6.3,0.124,insufficient_n,"1-month window, costs included"
1,utbot,BTCUSDT,5m,crypto_sl3_tp4,2026-06-11,2026-07-11,IS,13,46.2,1.02,-0.39,-8.86,0.01,insufficient_n,"1-month window, costs included"
1,utbot,BTCUSDT,5m,native_flip,2026-06-11,2026-07-11,IS,1201,16.8,0.24,-90.33,-90.28,,fail,"1-month window, costs included"
2,alphatrend,BTCUSDT,5m,crypto_sl1_tp2,2026-06-11,2026-07-11,IS,56,25.0,0.5,-22.69,-24.05,-0.45,fail,"1-month window, costs included"
2,alphatrend,BTCUSDT,5m,crypto_sl1_tp4,2026-06-11,2026-07-11,IS,34,14.7,0.55,-15.09,-18.2,-0.465,fail,"1-month window, costs included"
2,alphatrend,BTCUSDT,5m,crypto_sl3_tp2,2026-06-11,2026-07-11,IS,19,57.9,0.77,-6.19,-10.34,-0.102,insufficient_n,"1-month window, costs included"
2,alphatrend,BTCUSDT,5m,crypto_sl3_tp4,2026-06-11,2026-07-11,IS,10,50.0,1.19,2.41,-11.78,0.1,insufficient_n,"1-month window, costs included"
2,alphatrend,BTCUSDT,5m,native_flip,2026-06-11,2026-07-11,IS,281,20.3,0.37,-49.67,-49.66,,fail,"1-month window, costs included"
3,macross,BTCUSDT,5m,crypto_sl1_tp2,2026-06-11,2026-07-11,IS,32,31.2,0.68,-8.35,-15.15,-0.263,fail,"1-month window, costs included"
3,macross,BTCUSDT,5m,crypto_sl1_tp4,2026-06-11,2026-07-11,IS,26,11.5,0.41,-15.28,-20.41,-0.623,insufficient_n,"1-month window, costs included"
3,macross,BTCUSDT,5m,crypto_sl3_tp2,2026-06-11,2026-07-11,IS,16,56.2,0.72,-6.49,-14.47,-0.129,insufficient_n,"1-month window, costs included"
3,macross,BTCUSDT,5m,crypto_sl3_tp4,2026-06-11,2026-07-11,IS,8,37.5,0.71,-4.95,-11.78,-0.192,insufficient_n,"1-month window, costs included"
3,macross,BTCUSDT,5m,native_flip,2026-06-11,2026-07-11,IS,178,20.2,0.4,-36.46,-36.36,,fail,"1-month window, costs included"
1,utbot,BTCUSDT,15m,crypto_sl1_tp2,2026-06-11,2026-07-11,IS,56,39.3,0.97,-1.78,-8.25,-0.021,borderline,"1-month window, costs included"
1,utbot,BTCUSDT,15m,crypto_sl1_tp4,2026-06-11,2026-07-11,IS,27,29.6,1.33,7.14,-9.21,0.281,insufficient_n,"1-month window, costs included"
1,utbot,BTCUSDT,15m,crypto_sl3_tp2,2026-06-11,2026-07-11,IS,19,68.4,1.22,3.75,-7.66,0.074,insufficient_n,"1-month window, costs included"
1,utbot,BTCUSDT,15m,crypto_sl3_tp4,2026-06-11,2026-07-11,IS,9,55.6,1.48,5.8,-8.86,0.23,insufficient_n,"1-month window, costs included"
1,utbot,BTCUSDT,15m,native_flip,2026-06-11,2026-07-11,IS,364,24.5,0.45,-48.66,-48.85,,fail,"1-month window, costs included"
2,alphatrend,BTCUSDT,15m,crypto_sl1_tp2,2026-06-11,2026-07-11,IS,37,29.7,0.63,-11.1,-12.07,-0.308,fail,"1-month window, costs included"
2,alphatrend,BTCUSDT,15m,crypto_sl1_tp4,2026-06-11,2026-07-11,IS,24,12.5,0.45,-13.21,-12.25,-0.575,insufficient_n,"1-month window, costs included"
2,alphatrend,BTCUSDT,15m,crypto_sl3_tp2,2026-06-11,2026-07-11,IS,16,50.0,0.56,-11.08,-14.74,-0.233,insufficient_n,"1-month window, costs included"
2,alphatrend,BTCUSDT,15m,crypto_sl3_tp4,2026-06-11,2026-07-11,IS,9,44.4,0.95,-1.33,-6.3,-0.03,insufficient_n,"1-month window, costs included"
2,alphatrend,BTCUSDT,15m,native_flip,2026-06-11,2026-07-11,IS,77,27.3,0.39,-27.58,-27.42,,fail,"1-month window, costs included"
3,macross,BTCUSDT,15m,crypto_sl1_tp2,2026-06-11,2026-07-11,IS,35,34.3,0.78,-6.16,-8.25,-0.171,fail,"1-month window, costs included"
3,macross,BTCUSDT,15m,crypto_sl1_tp4,2026-06-11,2026-07-11,IS,22,13.6,0.5,-11.09,-10.01,-0.518,insufficient_n,"1-month window, costs included"
3,macross,BTCUSDT,15m,crypto_sl3_tp2,2026-06-11,2026-07-11,IS,16,56.2,0.72,-6.49,-10.62,-0.129,insufficient_n,"1-month window, costs included"
3,macross,BTCUSDT,15m,crypto_sl3_tp4,2026-06-11,2026-07-11,IS,6,0.0,0.0,-17.73,-15.01,-1.067,insufficient_n,"1-month window, costs included"
3,macross,BTCUSDT,15m,native_flip,2026-06-11,2026-07-11,IS,59,20.3,0.38,-24.67,-25.0,,fail,"1-month window, costs included"
1,utbot,BTCUSDT,1h,crypto_sl1_tp2,2026-06-11,2026-07-11,IS,43,32.6,0.72,-9.55,-12.12,-0.223,fail,"1-month window, costs included"
1,utbot,BTCUSDT,1h,crypto_sl1_tp4,2026-06-11,2026-07-11,IS,25,28.0,1.23,4.47,-6.89,0.2,insufficient_n,"1-month window, costs included"
1,utbot,BTCUSDT,1h,crypto_sl3_tp2,2026-06-11,2026-07-11,IS,20,55.0,0.69,-9.2,-10.05,-0.15,insufficient_n,"1-month window, costs included"
1,utbot,BTCUSDT,1h,crypto_sl3_tp4,2026-06-11,2026-07-11,IS,8,62.5,1.98,9.3,-3.2,0.392,insufficient_n,"1-month window, costs included"
1,utbot,BTCUSDT,1h,native_flip,2026-06-11,2026-07-11,IS,79,35.4,0.66,-13.99,-14.94,,fail,"1-month window, costs included"
2,alphatrend,BTCUSDT,1h,crypto_sl1_tp2,2026-06-11,2026-07-11,IS,14,35.7,0.83,-1.93,-6.45,-0.129,insufficient_n,"1-month window, costs included"
2,alphatrend,BTCUSDT,1h,crypto_sl1_tp4,2026-06-11,2026-07-11,IS,11,9.1,0.32,-8.0,-6.99,-0.745,insufficient_n,"1-month window, costs included"
2,alphatrend,BTCUSDT,1h,crypto_sl3_tp2,2026-06-11,2026-07-11,IS,12,50.0,0.56,-8.43,-13.48,-0.233,insufficient_n,"1-month window, costs included"
2,alphatrend,BTCUSDT,1h,crypto_sl3_tp4,2026-06-11,2026-07-11,IS,9,11.1,0.15,-19.98,-17.33,-0.807,insufficient_n,"1-month window, costs included"
2,alphatrend,BTCUSDT,1h,native_flip,2026-06-11,2026-07-11,IS,13,30.8,0.56,-8.0,-12.17,,insufficient_n,"1-month window, costs included"
3,macross,BTCUSDT,1h,crypto_sl1_tp2,2026-06-11,2026-07-11,IS,12,41.7,1.07,0.47,-3.56,0.05,insufficient_n,"1-month window, costs included"
3,macross,BTCUSDT,1h,crypto_sl1_tp4,2026-06-11,2026-07-11,IS,8,12.5,0.45,-4.61,-5.86,-0.575,insufficient_n,"1-month window, costs included"
3,macross,BTCUSDT,1h,crypto_sl3_tp2,2026-06-11,2026-07-11,IS,8,50.0,0.56,-5.7,-10.62,-0.233,insufficient_n,"1-month window, costs included"
3,macross,BTCUSDT,1h,crypto_sl3_tp4,2026-06-11,2026-07-11,IS,7,28.6,0.48,-8.43,-11.78,-0.4,insufficient_n,"1-month window, costs included"
3,macross,BTCUSDT,1h,native_flip,2026-06-11,2026-07-11,IS,11,27.3,0.68,-3.71,-6.91,,insufficient_n,"1-month window, costs included"
1,utbot,BTCUSDT,4h,crypto_sl1_tp2,2026-06-11,2026-07-11,IS,21,33.3,0.75,-4.32,-10.86,-0.2,insufficient_n,"1-month window, costs included"
1,utbot,BTCUSDT,4h,crypto_sl1_tp4,2026-06-11,2026-07-11,IS,16,6.2,0.21,-13.39,-12.44,-0.887,insufficient_n,"1-month window, costs included"
1,utbot,BTCUSDT,4h,crypto_sl3_tp2,2026-06-11,2026-07-11,IS,16,62.5,0.94,-1.66,-7.37,-0.025,insufficient_n,"1-month window, costs included"
1,utbot,BTCUSDT,4h,crypto_sl3_tp4,2026-06-11,2026-07-11,IS,6,0.0,0.0,-17.73,-15.01,-1.067,insufficient_n,"1-month window, costs included"
1,utbot,BTCUSDT,4h,native_flip,2026-06-11,2026-07-11,IS,21,23.8,0.47,-13.37,-12.48,,insufficient_n,"1-month window, costs included"
2,alphatrend,BTCUSDT,4h,crypto_sl1_tp2,2026-06-11,2026-07-11,IS,5,60.0,2.25,2.98,-2.39,0.6,insufficient_n,"1-month window, costs included"
2,alphatrend,BTCUSDT,4h,crypto_sl1_tp4,2026-06-11,2026-07-11,IS,5,40.0,2.11,3.91,-3.56,0.8,insufficient_n,"1-month window, costs included"
2,alphatrend,BTCUSDT,4h,crypto_sl3_tp2,2026-06-11,2026-07-11,IS,5,80.0,2.25,3.96,-3.2,0.267,insufficient_n,"1-month window, costs included"
2,alphatrend,BTCUSDT,4h,crypto_sl3_tp4,2026-06-11,2026-07-11,IS,3,100.0,inf,11.84,0.0,1.267,insufficient_n,"1-month window, costs included"
2,alphatrend,BTCUSDT,4h,native_flip,2026-06-11,2026-07-11,IS,4,50.0,0.55,-2.08,-4.47,,insufficient_n,"1-month window, costs included"
3,macross,BTCUSDT,4h,crypto_sl1_tp2,2026-06-11,2026-07-11,IS,3,66.7,3.0,2.39,-1.2,0.8,insufficient_n,"1-month window, costs included"
3,macross,BTCUSDT,4h,crypto_sl1_tp4,2026-06-11,2026-07-11,IS,3,33.3,1.58,1.32,-1.2,0.467,insufficient_n,"1-month window, costs included"
3,macross,BTCUSDT,4h,crypto_sl3_tp2,2026-06-11,2026-07-11,IS,3,66.7,1.12,0.32,-3.2,0.044,insufficient_n,"1-month window, costs included"
3,macross,BTCUSDT,4h,crypto_sl3_tp4,2026-06-11,2026-07-11,IS,3,33.3,0.59,-2.74,-3.2,-0.289,insufficient_n,"1-month window, costs included"
3,macross,BTCUSDT,4h,native_flip,2026-06-11,2026-07-11,IS,2,50.0,0.32,-3.08,0.0,,insufficient_n,"1-month window, costs included"
1,utbot,BTCUSDT,1d,crypto_sl1_tp2,2026-06-11,2026-07-11,IS,2,50.0,1.5,0.58,0.0,0.3,insufficient_n,"1-month window, costs included"
1,utbot,BTCUSDT,1d,crypto_sl1_tp4,2026-06-11,2026-07-11,IS,2,50.0,3.17,2.55,0.0,1.3,insufficient_n,"1-month window, costs included"
1,utbot,BTCUSDT,1d,crypto_sl3_tp2,2026-06-11,2026-07-11,IS,2,50.0,0.56,-1.46,0.0,-0.233,insufficient_n,"1-month window, costs included"
1,utbot,BTCUSDT,1d,crypto_sl3_tp4,2026-06-11,2026-07-11,IS,2,50.0,1.19,0.48,0.0,0.1,insufficient_n,"1-month window, costs included"
1,utbot,BTCUSDT,1d,native_flip,2026-06-11,2026-07-11,IS,1,100.0,inf,2.02,0.0,,insufficient_n,"1-month window, costs included"
2,alphatrend,BTCUSDT,1d,crypto_sl1_tp2,2026-06-11,2026-07-11,IS,0,,,,,,no_trades,"1-month window, costs included"
2,alphatrend,BTCUSDT,1d,crypto_sl1_tp4,2026-06-11,2026-07-11,IS,0,,,,,,no_trades,"1-month window, costs included"
2,alphatrend,BTCUSDT,1d,crypto_sl3_tp2,2026-06-11,2026-07-11,IS,0,,,,,,no_trades,"1-month window, costs included"
2,alphatrend,BTCUSDT,1d,crypto_sl3_tp4,2026-06-11,2026-07-11,IS,0,,,,,,no_trades,"1-month window, costs included"
2,alphatrend,BTCUSDT,1d,native_flip,2026-06-11,2026-07-11,IS,0,,,,,,no_trades,"1-month window, costs included"
3,macross,BTCUSDT,1d,crypto_sl1_tp2,2026-06-11,2026-07-11,IS,0,,,,,,no_trades,"1-month window, costs included"
3,macross,BTCUSDT,1d,crypto_sl1_tp4,2026-06-11,2026-07-11,IS,0,,,,,,no_trades,"1-month window, costs included"
3,macross,BTCUSDT,1d,crypto_sl3_tp2,2026-06-11,2026-07-11,IS,0,,,,,,no_trades,"1-month window, costs included"
3,macross,BTCUSDT,1d,crypto_sl3_tp4,2026-06-11,2026-07-11,IS,0,,,,,,no_trades,"1-month window, costs included"
3,macross,BTCUSDT,1d,native_flip,2026-06-11,2026-07-11,IS,0,,,,,,no_trades,"1-month window, costs included"
1,utbot,HYPEUSDT,5m,crypto_sl1_tp2,2026-06-11,2026-07-11,IS,244,29.1,0.62,-56.04,-60.21,-0.327,fail,"1-month window, costs included"
1,utbot,HYPEUSDT,5m,crypto_sl1_tp4,2026-06-11,2026-07-11,IS,159,18.9,0.74,-35.5,-47.4,-0.257,fail,"1-month window, costs included"
1,utbot,HYPEUSDT,5m,crypto_sl3_tp2,2026-06-11,2026-07-11,IS,95,62.1,0.92,-11.16,-25.13,-0.032,fail,"1-month window, costs included"
1,utbot,HYPEUSDT,5m,crypto_sl3_tp4,2026-06-11,2026-07-11,IS,48,45.8,1.0,-2.48,-18.75,0.003,borderline,"1-month window, costs included"
1,utbot,HYPEUSDT,5m,native_flip,2026-06-11,2026-07-11,IS,1229,27.7,0.49,-91.09,-91.37,,fail,"1-month window, costs included"
2,alphatrend,HYPEUSDT,5m,crypto_sl1_tp2,2026-06-11,2026-07-11,IS,143,37.8,0.91,-10.52,-18.17,-0.067,fail,"1-month window, costs included"
2,alphatrend,HYPEUSDT,5m,crypto_sl1_tp4,2026-06-11,2026-07-11,IS,84,21.4,0.86,-11.79,-25.49,-0.129,fail,"1-month window, costs included"
2,alphatrend,HYPEUSDT,5m,crypto_sl3_tp2,2026-06-11,2026-07-11,IS,73,61.6,0.9,-10.22,-21.02,-0.039,fail,"1-month window, costs included"
2,alphatrend,HYPEUSDT,5m,crypto_sl3_tp4,2026-06-11,2026-07-11,IS,45,48.9,1.14,7.52,-14.6,0.074,promising,"1-month window, costs included"
2,alphatrend,HYPEUSDT,5m,native_flip,2026-06-11,2026-07-11,IS,247,31.6,0.69,-40.9,-46.0,,fail,"1-month window, costs included"
3,macross,HYPEUSDT,5m,crypto_sl1_tp2,2026-06-11,2026-07-11,IS,109,33.0,0.74,-21.26,-25.29,-0.209,fail,"1-month window, costs included"
3,macross,HYPEUSDT,5m,crypto_sl1_tp4,2026-06-11,2026-07-11,IS,80,16.2,0.61,-27.68,-32.95,-0.387,fail,"1-month window, costs included"
3,macross,HYPEUSDT,5m,crypto_sl3_tp2,2026-06-11,2026-07-11,IS,50,62.0,0.92,-6.28,-23.31,-0.033,fail,"1-month window, costs included"
3,macross,HYPEUSDT,5m,crypto_sl3_tp4,2026-06-11,2026-07-11,IS,32,46.9,1.05,0.66,-12.2,0.027,borderline,"1-month window, costs included"
3,macross,HYPEUSDT,5m,native_flip,2026-06-11,2026-07-11,IS,167,26.3,0.63,-41.12,-47.65,,fail,"1-month window, costs included"
1,utbot,HYPEUSDT,15m,crypto_sl1_tp2,2026-06-11,2026-07-11,IS,193,33.7,0.76,-32.0,-39.19,-0.19,fail,"1-month window, costs included"
1,utbot,HYPEUSDT,15m,crypto_sl1_tp4,2026-06-11,2026-07-11,IS,106,21.7,0.88,-13.43,-31.75,-0.115,fail,"1-month window, costs included"
1,utbot,HYPEUSDT,15m,crypto_sl3_tp2,2026-06-11,2026-07-11,IS,78,56.4,0.73,-27.45,-30.21,-0.126,fail,"1-month window, costs included"
1,utbot,HYPEUSDT,15m,crypto_sl3_tp4,2026-06-11,2026-07-11,IS,51,49.0,1.14,9.07,-22.54,0.077,promising,"1-month window, costs included"
1,utbot,HYPEUSDT,15m,native_flip,2026-06-11,2026-07-11,IS,391,29.9,0.6,-62.67,-64.18,,fail,"1-month window, costs included"
2,alphatrend,HYPEUSDT,15m,crypto_sl1_tp2,2026-06-11,2026-07-11,IS,68,41.2,1.05,1.68,-9.5,0.035,borderline,"1-month window, costs included"
2,alphatrend,HYPEUSDT,15m,crypto_sl1_tp4,2026-06-11,2026-07-11,IS,52,21.2,0.85,-8.12,-19.27,-0.142,fail,"1-month window, costs included"
2,alphatrend,HYPEUSDT,15m,crypto_sl3_tp2,2026-06-11,2026-07-11,IS,45,66.7,1.13,4.85,-12.66,0.044,promising,"1-month window, costs included"
2,alphatrend,HYPEUSDT,15m,crypto_sl3_tp4,2026-06-11,2026-07-11,IS,29,48.3,1.11,3.49,-12.96,0.06,insufficient_n,"1-month window, costs included"
2,alphatrend,HYPEUSDT,15m,native_flip,2026-06-11,2026-07-11,IS,71,25.4,0.66,-29.88,-36.86,,fail,"1-month window, costs included"
3,macross,HYPEUSDT,15m,crypto_sl1_tp2,2026-06-11,2026-07-11,IS,60,36.7,0.87,-6.41,-11.98,-0.1,fail,"1-month window, costs included"
3,macross,HYPEUSDT,15m,crypto_sl1_tp4,2026-06-11,2026-07-11,IS,57,21.1,0.84,-9.13,-18.29,-0.147,fail,"1-month window, costs included"
3,macross,HYPEUSDT,15m,crypto_sl3_tp2,2026-06-11,2026-07-11,IS,34,64.7,1.03,0.22,-13.2,0.012,borderline,"1-month window, costs included"
3,macross,HYPEUSDT,15m,crypto_sl3_tp4,2026-06-11,2026-07-11,IS,25,40.0,0.79,-10.85,-19.6,-0.133,insufficient_n,"1-month window, costs included"
3,macross,HYPEUSDT,15m,native_flip,2026-06-11,2026-07-11,IS,61,18.0,0.58,-34.0,-40.99,,fail,"1-month window, costs included"
1,utbot,HYPEUSDT,1h,crypto_sl1_tp2,2026-06-11,2026-07-11,IS,87,37.9,0.92,-6.12,-15.78,-0.062,fail,"1-month window, costs included"
1,utbot,HYPEUSDT,1h,crypto_sl1_tp4,2026-06-11,2026-07-11,IS,69,21.7,0.88,-8.83,-14.64,-0.113,fail,"1-month window, costs included"
1,utbot,HYPEUSDT,1h,crypto_sl3_tp2,2026-06-11,2026-07-11,IS,52,69.2,1.27,12.96,-15.45,0.087,promising,"1-month window, costs included"
1,utbot,HYPEUSDT,1h,crypto_sl3_tp4,2026-06-11,2026-07-11,IS,37,45.9,1.01,-1.63,-19.21,0.005,borderline,"1-month window, costs included"
1,utbot,HYPEUSDT,1h,native_flip,2026-06-11,2026-07-11,IS,91,31.9,0.66,-31.6,-35.97,,fail,"1-month window, costs included"
2,alphatrend,HYPEUSDT,1h,crypto_sl1_tp2,2026-06-11,2026-07-11,IS,18,33.3,0.75,-3.71,-6.45,-0.2,insufficient_n,"1-month window, costs included"
2,alphatrend,HYPEUSDT,1h,crypto_sl1_tp4,2026-06-11,2026-07-11,IS,18,22.2,0.9,-1.96,-5.86,-0.089,insufficient_n,"1-month window, costs included"
2,alphatrend,HYPEUSDT,1h,crypto_sl3_tp2,2026-06-11,2026-07-11,IS,18,50.0,0.56,-12.38,-11.08,-0.233,insufficient_n,"1-month window, costs included"
2,alphatrend,HYPEUSDT,1h,crypto_sl3_tp4,2026-06-11,2026-07-11,IS,17,35.3,0.65,-12.54,-14.19,-0.243,insufficient_n,"1-month window, costs included"
2,alphatrend,HYPEUSDT,1h,native_flip,2026-06-11,2026-07-11,IS,18,33.3,0.59,-17.93,-26.81,,insufficient_n,"1-month window, costs included"
3,macross,HYPEUSDT,1h,crypto_sl1_tp2,2026-06-11,2026-07-11,IS,15,26.7,0.55,-5.96,-10.3,-0.4,insufficient_n,"1-month window, costs included"
3,macross,HYPEUSDT,1h,crypto_sl1_tp4,2026-06-11,2026-07-11,IS,15,20.0,0.79,-3.24,-10.3,-0.2,insufficient_n,"1-month window, costs included"
3,macross,HYPEUSDT,1h,crypto_sl3_tp2,2026-06-11,2026-07-11,IS,14,57.1,0.75,-5.11,-9.3,-0.114,insufficient_n,"1-month window, costs included"
3,macross,HYPEUSDT,1h,crypto_sl3_tp4,2026-06-11,2026-07-11,IS,13,38.5,0.74,-7.11,-14.6,-0.169,insufficient_n,"1-month window, costs included"
3,macross,HYPEUSDT,1h,native_flip,2026-06-11,2026-07-11,IS,15,26.7,0.69,-14.28,-29.27,,insufficient_n,"1-month window, costs included"
1,utbot,HYPEUSDT,4h,crypto_sl1_tp2,2026-06-11,2026-07-11,IS,24,29.2,0.62,-7.72,-11.42,-0.325,insufficient_n,"1-month window, costs included"
1,utbot,HYPEUSDT,4h,crypto_sl1_tp4,2026-06-11,2026-07-11,IS,24,20.8,0.83,-4.2,-7.91,-0.158,insufficient_n,"1-month window, costs included"
1,utbot,HYPEUSDT,4h,crypto_sl3_tp2,2026-06-11,2026-07-11,IS,22,40.9,0.39,-23.07,-24.9,-0.385,insufficient_n,"1-month window, costs included"
1,utbot,HYPEUSDT,4h,crypto_sl3_tp4,2026-06-11,2026-07-11,IS,21,28.6,0.48,-23.21,-21.42,-0.4,insufficient_n,"1-month window, costs included"
1,utbot,HYPEUSDT,4h,native_flip,2026-06-11,2026-07-11,IS,24,25.0,0.21,-37.95,-36.1,,insufficient_n,"1-month window, costs included"
2,alphatrend,HYPEUSDT,4h,crypto_sl1_tp2,2026-06-11,2026-07-11,IS,4,25.0,0.5,-1.82,-3.56,-0.45,insufficient_n,"1-month window, costs included"
2,alphatrend,HYPEUSDT,4h,crypto_sl1_tp4,2026-06-11,2026-07-11,IS,4,0.0,0.0,-4.71,-3.56,-1.2,insufficient_n,"1-month window, costs included"
2,alphatrend,HYPEUSDT,4h,crypto_sl3_tp2,2026-06-11,2026-07-11,IS,3,33.3,0.28,-4.61,-6.3,-0.511,insufficient_n,"1-month window, costs included"
2,alphatrend,HYPEUSDT,4h,crypto_sl3_tp4,2026-06-11,2026-07-11,IS,3,0.0,0.0,-9.3,-6.3,-1.067,insufficient_n,"1-month window, costs included"
2,alphatrend,HYPEUSDT,4h,native_flip,2026-06-11,2026-07-11,IS,3,100.0,inf,13.75,0.0,,insufficient_n,"1-month window, costs included"
3,macross,HYPEUSDT,4h,crypto_sl1_tp2,2026-06-11,2026-07-11,IS,5,60.0,2.25,2.98,-2.39,0.6,insufficient_n,"1-month window, costs included"
3,macross,HYPEUSDT,4h,crypto_sl1_tp4,2026-06-11,2026-07-11,IS,5,60.0,4.75,9.17,-2.39,1.8,insufficient_n,"1-month window, costs included"
3,macross,HYPEUSDT,4h,crypto_sl3_tp2,2026-06-11,2026-07-11,IS,5,60.0,0.84,-1.15,-6.3,-0.067,insufficient_n,"1-month window, costs included"
3,macross,HYPEUSDT,4h,crypto_sl3_tp4,2026-06-11,2026-07-11,IS,5,60.0,1.78,4.8,-6.3,0.333,insufficient_n,"1-month window, costs included"
3,macross,HYPEUSDT,4h,native_flip,2026-06-11,2026-07-11,IS,5,20.0,0.06,-15.36,-13.35,,insufficient_n,"1-month window, costs included"
1,utbot,HYPEUSDT,1d,crypto_sl1_tp2,2026-06-11,2026-07-11,IS,3,66.7,3.0,2.39,-1.2,0.8,insufficient_n,"1-month window, costs included"
1,utbot,HYPEUSDT,1d,crypto_sl1_tp4,2026-06-11,2026-07-11,IS,3,66.7,6.33,6.45,-1.2,2.133,insufficient_n,"1-month window, costs included"
1,utbot,HYPEUSDT,1d,crypto_sl3_tp2,2026-06-11,2026-07-11,IS,3,66.7,1.12,0.32,-3.2,0.044,insufficient_n,"1-month window, costs included"
1,utbot,HYPEUSDT,1d,crypto_sl3_tp4,2026-06-11,2026-07-11,IS,3,66.7,2.37,4.3,-3.2,0.489,insufficient_n,"1-month window, costs included"
1,utbot,HYPEUSDT,1d,native_flip,2026-06-11,2026-07-11,IS,2,50.0,95.6,10.01,-0.11,,insufficient_n,"1-month window, costs included"
2,alphatrend,HYPEUSDT,1d,crypto_sl1_tp2,2026-06-11,2026-07-11,IS,0,,,,,,no_trades,"1-month window, costs included"
2,alphatrend,HYPEUSDT,1d,crypto_sl1_tp4,2026-06-11,2026-07-11,IS,0,,,,,,no_trades,"1-month window, costs included"
2,alphatrend,HYPEUSDT,1d,crypto_sl3_tp2,2026-06-11,2026-07-11,IS,0,,,,,,no_trades,"1-month window, costs included"
2,alphatrend,HYPEUSDT,1d,crypto_sl3_tp4,2026-06-11,2026-07-11,IS,0,,,,,,no_trades,"1-month window, costs included"
2,alphatrend,HYPEUSDT,1d,native_flip,2026-06-11,2026-07-11,IS,0,,,,,,no_trades,"1-month window, costs included"
3,macross,HYPEUSDT,1d,crypto_sl1_tp2,2026-06-11,2026-07-11,IS,0,,,,,,no_trades,"1-month window, costs included"
3,macross,HYPEUSDT,1d,crypto_sl1_tp4,2026-06-11,2026-07-11,IS,0,,,,,,no_trades,"1-month window, costs included"
3,macross,HYPEUSDT,1d,crypto_sl3_tp2,2026-06-11,2026-07-11,IS,0,,,,,,no_trades,"1-month window, costs included"
3,macross,HYPEUSDT,1d,crypto_sl3_tp4,2026-06-11,2026-07-11,IS,0,,,,,,no_trades,"1-month window, costs included"
3,macross,HYPEUSDT,1d,native_flip,2026-06-11,2026-07-11,IS,0,,,,,,no_trades,"1-month window, costs included"
1,utbot,BEATUSDT,5m,crypto_sl1_tp2,2026-06-11,2026-07-11,IS,963,33.9,0.77,-84.66,-85.19,-0.184,fail,"1-month window, costs included"
1,utbot,BEATUSDT,5m,crypto_sl1_tp4,2026-06-11,2026-07-11,IS,771,23.3,0.96,-34.4,-71.7,-0.033,borderline,"1-month window, costs included"
1,utbot,BEATUSDT,5m,crypto_sl3_tp2,2026-06-11,2026-07-11,IS,626,56.7,0.74,-91.63,-92.09,-0.122,fail,"1-month window, costs included"
1,utbot,BEATUSDT,5m,crypto_sl3_tp4,2026-06-11,2026-07-11,IS,466,42.5,0.88,-73.6,-77.21,-0.075,fail,"1-month window, costs included"
1,utbot,BEATUSDT,5m,native_flip,2026-06-11,2026-07-11,IS,1115,31.6,0.77,-96.54,-97.06,,fail,"1-month window, costs included"
2,alphatrend,BEATUSDT,5m,crypto_sl1_tp2,2026-06-11,2026-07-11,IS,193,36.8,0.87,-18.63,-23.28,-0.096,fail,"1-month window, costs included"
2,alphatrend,BEATUSDT,5m,crypto_sl1_tp4,2026-06-11,2026-07-11,IS,190,20.5,0.82,-30.82,-37.46,-0.174,fail,"1-month window, costs included"
2,alphatrend,BEATUSDT,5m,crypto_sl3_tp2,2026-06-11,2026-07-11,IS,178,64.6,1.03,0.26,-32.37,0.01,borderline,"1-month window, costs included"
2,alphatrend,BEATUSDT,5m,crypto_sl3_tp4,2026-06-11,2026-07-11,IS,153,44.4,0.95,-20.42,-28.26,-0.03,borderline,"1-month window, costs included"
2,alphatrend,BEATUSDT,5m,native_flip,2026-06-11,2026-07-11,IS,192,32.8,0.99,-38.03,-59.25,,borderline,"1-month window, costs included"
3,macross,BEATUSDT,5m,crypto_sl1_tp2,2026-06-11,2026-07-11,IS,141,27.0,0.55,-43.2,-45.47,-0.391,fail,"1-month window, costs included"
3,macross,BEATUSDT,5m,crypto_sl1_tp4,2026-06-11,2026-07-11,IS,140,15.0,0.56,-47.97,-51.39,-0.45,fail,"1-month window, costs included"
3,macross,BEATUSDT,5m,crypto_sl3_tp2,2026-06-11,2026-07-11,IS,125,58.4,0.79,-32.22,-49.32,-0.093,fail,"1-month window, costs included"
3,macross,BEATUSDT,5m,crypto_sl3_tp4,2026-06-11,2026-07-11,IS,115,45.2,0.98,-10.38,-33.99,-0.012,borderline,"1-month window, costs included"
3,macross,BEATUSDT,5m,native_flip,2026-06-11,2026-07-11,IS,142,31.7,1.12,1.72,-72.08,,promising,"1-month window, costs included"
1,utbot,BEATUSDT,15m,crypto_sl1_tp2,2026-06-11,2026-07-11,IS,333,32.7,0.73,-53.22,-55.14,-0.218,fail,"1-month window, costs included"
1,utbot,BEATUSDT,15m,crypto_sl1_tp4,2026-06-11,2026-07-11,IS,316,24.7,1.04,3.64,-39.53,0.034,borderline,"1-month window, costs included"
1,utbot,BEATUSDT,15m,crypto_sl3_tp2,2026-06-11,2026-07-11,IS,271,57.2,0.75,-63.49,-69.01,-0.113,fail,"1-month window, costs included"
1,utbot,BEATUSDT,15m,crypto_sl3_tp4,2026-06-11,2026-07-11,IS,237,40.5,0.81,-63.41,-72.32,-0.122,fail,"1-month window, costs included"
1,utbot,BEATUSDT,15m,native_flip,2026-06-11,2026-07-11,IS,338,31.4,0.91,-64.82,-75.76,,fail,"1-month window, costs included"
2,alphatrend,BEATUSDT,15m,crypto_sl1_tp2,2026-06-11,2026-07-11,IS,71,50.7,1.54,24.57,-6.5,0.321,promising,"1-month window, costs included"
2,alphatrend,BEATUSDT,15m,crypto_sl1_tp4,2026-06-11,2026-07-11,IS,71,35.2,1.72,45.8,-12.34,0.561,promising,"1-month window, costs included"
2,alphatrend,BEATUSDT,15m,crypto_sl3_tp2,2026-06-11,2026-07-11,IS,71,74.6,1.66,43.35,-15.45,0.177,promising,"1-month window, costs included"
2,alphatrend,BEATUSDT,15m,crypto_sl3_tp4,2026-06-11,2026-07-11,IS,70,57.1,1.58,67.55,-16.14,0.267,promising,"1-month window, costs included"
2,alphatrend,BEATUSDT,15m,native_flip,2026-06-11,2026-07-11,IS,70,45.7,1.31,40.12,-52.25,,promising,"1-month window, costs included"
3,macross,BEATUSDT,15m,crypto_sl1_tp2,2026-06-11,2026-07-11,IS,62,48.4,1.41,16.05,-7.62,0.252,promising,"1-month window, costs included"
3,macross,BEATUSDT,15m,crypto_sl1_tp4,2026-06-11,2026-07-11,IS,62,35.5,1.74,40.16,-9.11,0.574,promising,"1-month window, costs included"
3,macross,BEATUSDT,15m,crypto_sl3_tp2,2026-06-11,2026-07-11,IS,62,62.9,0.95,-5.09,-23.23,-0.018,borderline,"1-month window, costs included"
3,macross,BEATUSDT,15m,crypto_sl3_tp4,2026-06-11,2026-07-11,IS,62,51.6,1.27,24.33,-18.44,0.138,promising,"1-month window, costs included"
3,macross,BEATUSDT,15m,native_flip,2026-06-11,2026-07-11,IS,61,24.6,0.54,-82.04,-86.05,,fail,"1-month window, costs included"
1,utbot,BEATUSDT,1h,crypto_sl1_tp2,2026-06-11,2026-07-11,IS,76,50.0,1.5,24.5,-6.5,0.3,promising,"1-month window, costs included"
1,utbot,BEATUSDT,1h,crypto_sl1_tp4,2026-06-11,2026-07-11,IS,76,43.4,2.43,103.73,-8.1,0.971,promising,"1-month window, costs included"
1,utbot,BEATUSDT,1h,crypto_sl3_tp2,2026-06-11,2026-07-11,IS,76,59.2,0.82,-18.57,-30.8,-0.08,fail,"1-month window, costs included"
1,utbot,BEATUSDT,1h,crypto_sl3_tp4,2026-06-11,2026-07-11,IS,76,48.7,1.13,11.8,-26.02,0.069,promising,"1-month window, costs included"
1,utbot,BEATUSDT,1h,native_flip,2026-06-11,2026-07-11,IS,75,48.0,1.06,-19.33,-77.96,,borderline,"1-month window, costs included"
2,alphatrend,BEATUSDT,1h,crypto_sl1_tp2,2026-06-11,2026-07-11,IS,18,33.3,0.75,-3.71,-5.86,-0.2,insufficient_n,"1-month window, costs included"
2,alphatrend,BEATUSDT,1h,crypto_sl1_tp4,2026-06-11,2026-07-11,IS,18,22.2,0.9,-1.96,-8.1,-0.089,insufficient_n,"1-month window, costs included"
2,alphatrend,BEATUSDT,1h,crypto_sl3_tp2,2026-06-11,2026-07-11,IS,18,44.4,0.45,-16.68,-15.98,-0.326,insufficient_n,"1-month window, costs included"
2,alphatrend,BEATUSDT,1h,crypto_sl3_tp4,2026-06-11,2026-07-11,IS,18,38.9,0.76,-9.22,-12.2,-0.159,insufficient_n,"1-month window, costs included"
2,alphatrend,BEATUSDT,1h,native_flip,2026-06-11,2026-07-11,IS,17,29.4,0.62,-59.04,-55.68,,insufficient_n,"1-month window, costs included"
3,macross,BEATUSDT,1h,crypto_sl1_tp2,2026-06-11,2026-07-11,IS,12,25.0,0.5,-5.36,-7.57,-0.45,insufficient_n,"1-month window, costs included"
3,macross,BEATUSDT,1h,crypto_sl1_tp4,2026-06-11,2026-07-11,IS,12,25.0,1.06,0.32,-5.86,0.05,insufficient_n,"1-month window, costs included"
3,macross,BEATUSDT,1h,crypto_sl3_tp2,2026-06-11,2026-07-11,IS,12,41.7,0.4,-12.93,-18.93,-0.372,insufficient_n,"1-month window, costs included"
3,macross,BEATUSDT,1h,crypto_sl3_tp4,2026-06-11,2026-07-11,IS,12,41.7,0.85,-4.03,-17.33,-0.094,insufficient_n,"1-month window, costs included"
3,macross,BEATUSDT,1h,native_flip,2026-06-11,2026-07-11,IS,11,27.3,0.86,-36.96,-66.46,,insufficient_n,"1-month window, costs included"
1,utbot,BEATUSDT,4h,crypto_sl1_tp2,2026-06-11,2026-07-11,IS,20,35.0,0.81,-3.16,-5.86,-0.15,insufficient_n,"1-month window, costs included"
1,utbot,BEATUSDT,4h,crypto_sl1_tp4,2026-06-11,2026-07-11,IS,20,35.0,1.71,10.97,-5.86,0.55,insufficient_n,"1-month window, costs included"
1,utbot,BEATUSDT,4h,crypto_sl3_tp2,2026-06-11,2026-07-11,IS,20,45.0,0.46,-17.9,-18.16,-0.317,insufficient_n,"1-month window, costs included"
1,utbot,BEATUSDT,4h,crypto_sl3_tp4,2026-06-11,2026-07-11,IS,20,45.0,0.97,-2.19,-9.3,-0.017,insufficient_n,"1-month window, costs included"
1,utbot,BEATUSDT,4h,native_flip,2026-06-11,2026-07-11,IS,19,42.1,0.99,-25.02,-31.5,,insufficient_n,"1-month window, costs included"
2,alphatrend,BEATUSDT,4h,crypto_sl1_tp2,2026-06-11,2026-07-11,IS,4,0.0,0.0,-4.71,-3.56,-1.2,insufficient_n,"1-month window, costs included"
2,alphatrend,BEATUSDT,4h,crypto_sl1_tp4,2026-06-11,2026-07-11,IS,4,0.0,0.0,-4.71,-3.56,-1.2,insufficient_n,"1-month window, costs included"
2,alphatrend,BEATUSDT,4h,crypto_sl3_tp2,2026-06-11,2026-07-11,IS,4,25.0,0.19,-7.66,-6.3,-0.65,insufficient_n,"1-month window, costs included"
2,alphatrend,BEATUSDT,4h,crypto_sl3_tp4,2026-06-11,2026-07-11,IS,4,25.0,0.4,-5.85,-6.3,-0.483,insufficient_n,"1-month window, costs included"
2,alphatrend,BEATUSDT,4h,native_flip,2026-06-11,2026-07-11,IS,3,66.7,5.29,42.58,-11.2,,insufficient_n,"1-month window, costs included"
3,macross,BEATUSDT,4h,crypto_sl1_tp2,2026-06-11,2026-07-11,IS,3,33.3,0.75,-0.63,-2.39,-0.2,insufficient_n,"1-month window, costs included"
3,macross,BEATUSDT,4h,crypto_sl1_tp4,2026-06-11,2026-07-11,IS,3,33.3,1.58,1.32,-2.39,0.467,insufficient_n,"1-month window, costs included"
3,macross,BEATUSDT,4h,crypto_sl3_tp2,2026-06-11,2026-07-11,IS,3,33.3,0.28,-4.61,-6.3,-0.511,insufficient_n,"1-month window, costs included"
3,macross,BEATUSDT,4h,crypto_sl3_tp4,2026-06-11,2026-07-11,IS,3,33.3,0.59,-2.74,-6.3,-0.289,insufficient_n,"1-month window, costs included"
3,macross,BEATUSDT,4h,native_flip,2026-06-11,2026-07-11,IS,2,50.0,1.68,5.95,-12.77,,insufficient_n,"1-month window, costs included"
1,utbot,BEATUSDT,1d,crypto_sl1_tp2,2026-06-11,2026-07-11,IS,2,0.0,0.0,-2.39,-1.2,-1.2,insufficient_n,"1-month window, costs included"
1,utbot,BEATUSDT,1d,crypto_sl1_tp4,2026-06-11,2026-07-11,IS,2,0.0,0.0,-2.39,-1.2,-1.2,insufficient_n,"1-month window, costs included"
1,utbot,BEATUSDT,1d,crypto_sl3_tp2,2026-06-11,2026-07-11,IS,2,0.0,0.0,-6.3,-3.2,-1.067,insufficient_n,"1-month window, costs included"
1,utbot,BEATUSDT,1d,crypto_sl3_tp4,2026-06-11,2026-07-11,IS,2,0.0,0.0,-6.3,-3.2,-1.067,insufficient_n,"1-month window, costs included"
1,utbot,BEATUSDT,1d,native_flip,2026-06-11,2026-07-11,IS,2,50.0,1.64,3.41,-32.54,,insufficient_n,"1-month window, costs included"
2,alphatrend,BEATUSDT,1d,crypto_sl1_tp2,2026-06-11,2026-07-11,IS,1,0.0,0.0,-1.2,0.0,-1.2,insufficient_n,"1-month window, costs included"
2,alphatrend,BEATUSDT,1d,crypto_sl1_tp4,2026-06-11,2026-07-11,IS,1,0.0,0.0,-1.2,0.0,-1.2,insufficient_n,"1-month window, costs included"
2,alphatrend,BEATUSDT,1d,crypto_sl3_tp2,2026-06-11,2026-07-11,IS,1,0.0,0.0,-3.2,0.0,-1.067,insufficient_n,"1-month window, costs included"
2,alphatrend,BEATUSDT,1d,crypto_sl3_tp4,2026-06-11,2026-07-11,IS,1,0.0,0.0,-3.2,0.0,-1.067,insufficient_n,"1-month window, costs included"
2,alphatrend,BEATUSDT,1d,native_flip,2026-06-11,2026-07-11,IS,0,,,,,,no_trades,"1-month window, costs included"
3,macross,BEATUSDT,1d,crypto_sl1_tp2,2026-06-11,2026-07-11,IS,0,,,,,,no_trades,"1-month window, costs included"
3,macross,BEATUSDT,1d,crypto_sl1_tp4,2026-06-11,2026-07-11,IS,0,,,,,,no_trades,"1-month window, costs included"
3,macross,BEATUSDT,1d,crypto_sl3_tp2,2026-06-11,2026-07-11,IS,0,,,,,,no_trades,"1-month window, costs included"
3,macross,BEATUSDT,1d,crypto_sl3_tp4,2026-06-11,2026-07-11,IS,0,,,,,,no_trades,"1-month window, costs included"
3,macross,BEATUSDT,1d,native_flip,2026-06-11,2026-07-11,IS,0,,,,,,no_trades,"1-month window, costs included"
1,utbot,EURUSD,5m,fx_sl3_rr1,2026-06-11,2026-07-11,IS,722,53.5,0.53,-5.48,-5.59,-0.297,fail,"1-month window, costs included"
1,utbot,EURUSD,5m,fx_sl3_rr2,2026-06-11,2026-07-11,IS,559,40.1,0.8,-2.39,-2.85,-0.165,fail,"1-month window, costs included"
1,utbot,EURUSD,5m,fx_sl5_rr1,2026-06-11,2026-07-11,IS,528,53.0,0.72,-3.61,-3.84,-0.159,fail,"1-month window, costs included"
1,utbot,EURUSD,5m,fx_sl5_rr2,2026-06-11,2026-07-11,IS,327,30.3,0.63,-4.36,-4.48,-0.312,fail,"1-month window, costs included"
1,utbot,EURUSD,5m,native_flip,2026-06-11,2026-07-11,IS,1068,34.0,0.6,-8.59,-9.07,,fail,"1-month window, costs included"
2,alphatrend,EURUSD,5m,fx_sl3_rr1,2026-06-11,2026-07-11,IS,262,53.4,0.53,-2.02,-2.03,-0.298,fail,"1-month window, costs included"
2,alphatrend,EURUSD,5m,fx_sl3_rr2,2026-06-11,2026-07-11,IS,241,38.2,0.74,-1.39,-1.42,-0.221,fail,"1-month window, costs included"
2,alphatrend,EURUSD,5m,fx_sl5_rr1,2026-06-11,2026-07-11,IS,241,50.6,0.66,-2.16,-2.14,-0.208,fail,"1-month window, costs included"
2,alphatrend,EURUSD,5m,fx_sl5_rr2,2026-06-11,2026-07-11,IS,187,33.2,0.72,-1.82,-1.87,-0.225,fail,"1-month window, costs included"
2,alphatrend,EURUSD,5m,native_flip,2026-06-11,2026-07-11,IS,268,28.4,0.58,-4.3,-4.55,,fail,"1-month window, costs included"
3,macross,EURUSD,5m,fx_sl3_rr1,2026-06-11,2026-07-11,IS,105,51.4,0.49,-0.92,-0.99,-0.338,fail,"1-month window, costs included"
3,macross,EURUSD,5m,fx_sl3_rr2,2026-06-11,2026-07-11,IS,103,35.9,0.67,-0.77,-0.99,-0.289,fail,"1-month window, costs included"
3,macross,EURUSD,5m,fx_sl5_rr1,2026-06-11,2026-07-11,IS,101,51.5,0.68,-0.83,-1.02,-0.19,fail,"1-month window, costs included"
3,macross,EURUSD,5m,fx_sl5_rr2,2026-06-11,2026-07-11,IS,98,31.6,0.68,-1.15,-1.33,-0.271,fail,"1-month window, costs included"
3,macross,EURUSD,5m,native_flip,2026-06-11,2026-07-11,IS,113,33.6,0.68,-2.03,-2.11,,fail,"1-month window, costs included"
1,utbot,EURUSD,15m,fx_sl3_rr1,2026-06-11,2026-07-11,IS,288,52.1,0.5,-2.42,-2.5,-0.325,fail,"1-month window, costs included"
1,utbot,EURUSD,15m,fx_sl3_rr2,2026-06-11,2026-07-11,IS,278,41.0,0.83,-0.99,-1.3,-0.136,fail,"1-month window, costs included"
1,utbot,EURUSD,15m,fx_sl5_rr1,2026-06-11,2026-07-11,IS,265,52.5,0.71,-1.96,-2.16,-0.171,fail,"1-month window, costs included"
1,utbot,EURUSD,15m,fx_sl5_rr2,2026-06-11,2026-07-11,IS,231,36.4,0.83,-1.3,-1.82,-0.129,fail,"1-month window, costs included"
1,utbot,EURUSD,15m,native_flip,2026-06-11,2026-07-11,IS,291,37.5,0.77,-2.32,-2.55,,fail,"1-month window, costs included"
2,alphatrend,EURUSD,15m,fx_sl3_rr1,2026-06-11,2026-07-11,IS,68,42.6,0.35,-0.91,-0.91,-0.514,fail,"1-month window, costs included"
2,alphatrend,EURUSD,15m,fx_sl3_rr2,2026-06-11,2026-07-11,IS,68,36.8,0.7,-0.46,-0.52,-0.264,fail,"1-month window, costs included"
2,alphatrend,EURUSD,15m,fx_sl5_rr1,2026-06-11,2026-07-11,IS,68,42.6,0.48,-1.08,-1.11,-0.367,fail,"1-month window, costs included"
2,alphatrend,EURUSD,15m,fx_sl5_rr2,2026-06-11,2026-07-11,IS,67,29.9,0.62,-0.94,-0.93,-0.324,fail,"1-month window, costs included"
2,alphatrend,EURUSD,15m,native_flip,2026-06-11,2026-07-11,IS,67,40.3,0.54,-2.52,-2.55,,fail,"1-month window, costs included"
3,macross,EURUSD,15m,fx_sl3_rr1,2026-06-11,2026-07-11,IS,32,62.5,0.77,-0.1,-0.16,-0.117,fail,"1-month window, costs included"
3,macross,EURUSD,15m,fx_sl3_rr2,2026-06-11,2026-07-11,IS,32,40.6,0.82,-0.12,-0.29,-0.148,fail,"1-month window, costs included"
3,macross,EURUSD,15m,fx_sl5_rr1,2026-06-11,2026-07-11,IS,32,59.4,0.93,-0.05,-0.2,-0.033,fail,"1-month window, costs included"
3,macross,EURUSD,15m,fx_sl5_rr2,2026-06-11,2026-07-11,IS,32,46.9,1.29,0.26,-0.27,0.186,promising,"1-month window, costs included"
3,macross,EURUSD,15m,native_flip,2026-06-11,2026-07-11,IS,31,35.5,1.2,0.5,-1.27,,promising,"1-month window, costs included"
1,utbot,EURUSD,1h,fx_sl3_rr1,2026-06-11,2026-07-11,IS,68,36.8,0.27,-1.12,-1.15,-0.631,fail,"1-month window, costs included"
1,utbot,EURUSD,1h,fx_sl3_rr2,2026-06-11,2026-07-11,IS,67,32.8,0.58,-0.67,-0.71,-0.382,fail,"1-month window, costs included"
1,utbot,EURUSD,1h,fx_sl5_rr1,2026-06-11,2026-07-11,IS,68,36.8,0.37,-1.43,-1.5,-0.485,fail,"1-month window, costs included"
1,utbot,EURUSD,1h,fx_sl5_rr2,2026-06-11,2026-07-11,IS,67,28.4,0.58,-1.07,-1.15,-0.369,fail,"1-month window, costs included"
1,utbot,EURUSD,1h,native_flip,2026-06-11,2026-07-11,IS,67,38.8,0.74,-1.36,-2.18,,fail,"1-month window, costs included"
2,alphatrend,EURUSD,1h,fx_sl3_rr1,2026-06-11,2026-07-11,IS,20,35.0,0.25,-0.35,-0.33,-0.667,insufficient_n,"1-month window, costs included"
2,alphatrend,EURUSD,1h,fx_sl3_rr2,2026-06-11,2026-07-11,IS,20,35.0,0.64,-0.17,-0.29,-0.317,insufficient_n,"1-month window, costs included"
2,alphatrend,EURUSD,1h,fx_sl5_rr1,2026-06-11,2026-07-11,IS,20,40.0,0.42,-0.37,-0.38,-0.42,insufficient_n,"1-month window, costs included"
2,alphatrend,EURUSD,1h,fx_sl5_rr2,2026-06-11,2026-07-11,IS,20,25.0,0.49,-0.41,-0.43,-0.47,insufficient_n,"1-month window, costs included"
2,alphatrend,EURUSD,1h,native_flip,2026-06-11,2026-07-11,IS,19,26.3,0.77,-0.61,-2.18,,insufficient_n,"1-month window, costs included"
3,macross,EURUSD,1h,fx_sl3_rr1,2026-06-11,2026-07-11,IS,9,55.6,0.58,-0.06,-0.11,-0.256,insufficient_n,"1-month window, costs included"
3,macross,EURUSD,1h,fx_sl3_rr2,2026-06-11,2026-07-11,IS,9,55.6,1.5,0.07,-0.11,0.3,insufficient_n,"1-month window, costs included"
3,macross,EURUSD,1h,fx_sl5_rr1,2026-06-11,2026-07-11,IS,9,66.7,1.27,0.04,-0.16,0.113,insufficient_n,"1-month window, costs included"
3,macross,EURUSD,1h,fx_sl5_rr2,2026-06-11,2026-07-11,IS,9,11.1,0.18,-0.35,-0.37,-0.887,insufficient_n,"1-month window, costs included"
3,macross,EURUSD,1h,native_flip,2026-06-11,2026-07-11,IS,9,11.1,0.54,-1.05,-1.88,,insufficient_n,"1-month window, costs included"
1,utbot,EURUSD,4h,fx_sl3_rr1,2026-06-11,2026-07-11,IS,21,14.3,0.08,-0.59,-0.56,-1.081,insufficient_n,"1-month window, costs included"
1,utbot,EURUSD,4h,fx_sl3_rr2,2026-06-11,2026-07-11,IS,21,14.3,0.2,-0.51,-0.48,-0.938,insufficient_n,"1-month window, costs included"
1,utbot,EURUSD,4h,fx_sl5_rr1,2026-06-11,2026-07-11,IS,21,23.8,0.2,-0.68,-0.63,-0.744,insufficient_n,"1-month window, costs included"
1,utbot,EURUSD,4h,fx_sl5_rr2,2026-06-11,2026-07-11,IS,21,23.8,0.46,-0.46,-0.41,-0.506,insufficient_n,"1-month window, costs included"
1,utbot,EURUSD,4h,native_flip,2026-06-11,2026-07-11,IS,21,23.8,0.44,-1.94,-2.08,,insufficient_n,"1-month window, costs included"
2,alphatrend,EURUSD,4h,fx_sl3_rr1,2026-06-11,2026-07-11,IS,3,0.0,0.0,-0.11,-0.07,-1.367,insufficient_n,"1-month window, costs included"
2,alphatrend,EURUSD,4h,fx_sl3_rr2,2026-06-11,2026-07-11,IS,3,0.0,0.0,-0.11,-0.07,-1.367,insufficient_n,"1-month window, costs included"
2,alphatrend,EURUSD,4h,fx_sl5_rr1,2026-06-11,2026-07-11,IS,3,33.3,0.32,-0.07,-0.05,-0.553,insufficient_n,"1-month window, costs included"
2,alphatrend,EURUSD,4h,fx_sl5_rr2,2026-06-11,2026-07-11,IS,3,33.3,0.74,-0.03,-0.05,-0.22,insufficient_n,"1-month window, costs included"
2,alphatrend,EURUSD,4h,native_flip,2026-06-11,2026-07-11,IS,2,50.0,1.25,0.14,0.0,,insufficient_n,"1-month window, costs included"
3,macross,EURUSD,4h,fx_sl3_rr1,2026-06-11,2026-07-11,IS,5,0.0,0.0,-0.18,-0.14,-1.367,insufficient_n,"1-month window, costs included"
3,macross,EURUSD,4h,fx_sl3_rr2,2026-06-11,2026-07-11,IS,5,0.0,0.0,-0.18,-0.14,-1.367,insufficient_n,"1-month window, costs included"
3,macross,EURUSD,4h,fx_sl5_rr1,2026-06-11,2026-07-11,IS,5,0.0,0.0,-0.27,-0.21,-1.22,insufficient_n,"1-month window, costs included"
3,macross,EURUSD,4h,fx_sl5_rr2,2026-06-11,2026-07-11,IS,5,0.0,0.0,-0.27,-0.21,-1.22,insufficient_n,"1-month window, costs included"
3,macross,EURUSD,4h,native_flip,2026-06-11,2026-07-11,IS,4,25.0,0.46,-0.75,-0.66,,insufficient_n,"1-month window, costs included"
1,utbot,EURUSD,1d,fx_sl3_rr1,2026-06-11,2026-07-11,IS,3,0.0,0.0,-0.11,-0.07,-1.367,insufficient_n,"1-month window, costs included"
1,utbot,EURUSD,1d,fx_sl3_rr2,2026-06-11,2026-07-11,IS,3,0.0,0.0,-0.11,-0.07,-1.367,insufficient_n,"1-month window, costs included"
1,utbot,EURUSD,1d,fx_sl5_rr1,2026-06-11,2026-07-11,IS,3,0.0,0.0,-0.16,-0.11,-1.22,insufficient_n,"1-month window, costs included"
1,utbot,EURUSD,1d,fx_sl5_rr2,2026-06-11,2026-07-11,IS,3,0.0,0.0,-0.16,-0.11,-1.22,insufficient_n,"1-month window, costs included"
1,utbot,EURUSD,1d,native_flip,2026-06-11,2026-07-11,IS,2,50.0,0.16,-0.94,0.0,,insufficient_n,"1-month window, costs included"
2,alphatrend,EURUSD,1d,fx_sl3_rr1,2026-06-11,2026-07-11,IS,0,,,,,,no_trades,"1-month window, costs included"
2,alphatrend,EURUSD,1d,fx_sl3_rr2,2026-06-11,2026-07-11,IS,0,,,,,,no_trades,"1-month window, costs included"
2,alphatrend,EURUSD,1d,fx_sl5_rr1,2026-06-11,2026-07-11,IS,0,,,,,,no_trades,"1-month window, costs included"
2,alphatrend,EURUSD,1d,fx_sl5_rr2,2026-06-11,2026-07-11,IS,0,,,,,,no_trades,"1-month window, costs included"
2,alphatrend,EURUSD,1d,native_flip,2026-06-11,2026-07-11,IS,0,,,,,,no_trades,"1-month window, costs included"
3,macross,EURUSD,1d,fx_sl3_rr1,2026-06-11,2026-07-11,IS,0,,,,,,no_trades,"1-month window, costs included"
3,macross,EURUSD,1d,fx_sl3_rr2,2026-06-11,2026-07-11,IS,0,,,,,,no_trades,"1-month window, costs included"
3,macross,EURUSD,1d,fx_sl5_rr1,2026-06-11,2026-07-11,IS,0,,,,,,no_trades,"1-month window, costs included"
3,macross,EURUSD,1d,fx_sl5_rr2,2026-06-11,2026-07-11,IS,0,,,,,,no_trades,"1-month window, costs included"
3,macross,EURUSD,1d,native_flip,2026-06-11,2026-07-11,IS,0,,,,,,no_trades,"1-month window, costs included"
1,utbot,XAUUSD,5m,fx_sl3_rr1,2026-06-11,2026-07-11,IS,618,0.0,0.0,-8.32,-8.31,-1.937,fail,"1-month window, costs included"
1,utbot,XAUUSD,5m,fx_sl3_rr2,2026-06-11,2026-07-11,IS,618,28.0,0.08,-7.18,-7.2,-1.66,fail,"1-month window, costs included"
1,utbot,XAUUSD,5m,fx_sl5_rr1,2026-06-11,2026-07-11,IS,618,30.1,0.02,-9.25,-9.25,-1.298,fail,"1-month window, costs included"
1,utbot,XAUUSD,5m,fx_sl5_rr2,2026-06-11,2026-07-11,IS,618,29.9,0.25,-7.23,-7.29,-1.002,fail,"1-month window, costs included"
1,utbot,XAUUSD,5m,native_flip,2026-06-11,2026-07-11,IS,617,36.0,1.0,-0.08,-6.84,,borderline,"1-month window, costs included"
2,alphatrend,XAUUSD,5m,fx_sl3_rr1,2026-06-11,2026-07-11,IS,124,0.0,0.0,-1.88,-1.86,-2.113,fail,"1-month window, costs included"
2,alphatrend,XAUUSD,5m,fx_sl3_rr2,2026-06-11,2026-07-11,IS,124,19.4,0.05,-1.71,-1.69,-1.919,fail,"1-month window, costs included"
2,alphatrend,XAUUSD,5m,fx_sl5_rr1,2026-06-11,2026-07-11,IS,124,21.8,0.01,-2.17,-2.14,-1.465,fail,"1-month window, costs included"
2,alphatrend,XAUUSD,5m,fx_sl5_rr2,2026-06-11,2026-07-11,IS,124,21.8,0.16,-1.85,-1.82,-1.247,fail,"1-month window, costs included"
2,alphatrend,XAUUSD,5m,native_flip,2026-06-11,2026-07-11,IS,123,37.4,1.12,2.71,-4.43,,promising,"1-month window, costs included"
3,macross,XAUUSD,5m,fx_sl3_rr1,2026-06-11,2026-07-11,IS,102,0.0,0.0,-1.41,-1.39,-1.931,fail,"1-month window, costs included"
3,macross,XAUUSD,5m,fx_sl3_rr2,2026-06-11,2026-07-11,IS,102,28.4,0.08,-1.2,-1.19,-1.647,fail,"1-month window, costs included"
3,macross,XAUUSD,5m,fx_sl5_rr1,2026-06-11,2026-07-11,IS,102,28.4,0.02,-1.62,-1.6,-1.331,fail,"1-month window, costs included"
3,macross,XAUUSD,5m,fx_sl5_rr2,2026-06-11,2026-07-11,IS,102,28.4,0.23,-1.28,-1.27,-1.047,fail,"1-month window, costs included"
3,macross,XAUUSD,5m,native_flip,2026-06-11,2026-07-11,IS,101,32.7,0.96,-1.2,-7.03,,borderline,"1-month window, costs included"
1,utbot,XAUUSD,15m,fx_sl3_rr1,2026-06-11,2026-07-11,IS,184,0.0,0.0,-2.54,-2.52,-1.935,fail,"1-month window, costs included"
1,utbot,XAUUSD,15m,fx_sl3_rr2,2026-06-11,2026-07-11,IS,184,28.3,0.08,-2.17,-2.16,-1.652,fail,"1-month window, costs included"
1,utbot,XAUUSD,15m,fx_sl5_rr1,2026-06-11,2026-07-11,IS,184,29.3,0.02,-2.86,-2.85,-1.313,fail,"1-month window, costs included"
1,utbot,XAUUSD,15m,fx_sl5_rr2,2026-06-11,2026-07-11,IS,184,29.3,0.24,-2.23,-2.25,-1.02,fail,"1-month window, costs included"
1,utbot,XAUUSD,15m,native_flip,2026-06-11,2026-07-11,IS,183,36.1,1.11,3.3,-8.48,,promising,"1-month window, costs included"
2,alphatrend,XAUUSD,15m,fx_sl3_rr1,2026-06-11,2026-07-11,IS,40,0.0,0.0,-0.53,-0.51,-1.85,fail,"1-month window, costs included"
2,alphatrend,XAUUSD,15m,fx_sl3_rr2,2026-06-11,2026-07-11,IS,40,32.5,0.1,-0.44,-0.42,-1.525,fail,"1-month window, costs included"
2,alphatrend,XAUUSD,15m,fx_sl5_rr1,2026-06-11,2026-07-11,IS,40,32.5,0.03,-0.6,-0.58,-1.25,fail,"1-month window, costs included"
2,alphatrend,XAUUSD,15m,fx_sl5_rr2,2026-06-11,2026-07-11,IS,40,32.5,0.28,-0.44,-0.42,-0.925,fail,"1-month window, costs included"
2,alphatrend,XAUUSD,15m,native_flip,2026-06-11,2026-07-11,IS,39,41.0,1.1,1.25,-3.61,,borderline,"1-month window, costs included"
3,macross,XAUUSD,15m,fx_sl3_rr1,2026-06-11,2026-07-11,IS,30,0.0,0.0,-0.4,-0.38,-1.833,fail,"1-month window, costs included"
3,macross,XAUUSD,15m,fx_sl3_rr2,2026-06-11,2026-07-11,IS,30,33.3,0.1,-0.32,-0.31,-1.5,fail,"1-month window, costs included"
3,macross,XAUUSD,15m,fx_sl5_rr1,2026-06-11,2026-07-11,IS,30,36.7,0.03,-0.42,-0.4,-1.167,fail,"1-month window, costs included"
3,macross,XAUUSD,15m,fx_sl5_rr2,2026-06-11,2026-07-11,IS,30,36.7,0.33,-0.29,-0.29,-0.8,fail,"1-month window, costs included"
3,macross,XAUUSD,15m,native_flip,2026-06-11,2026-07-11,IS,29,34.5,1.28,3.11,-3.93,,insufficient_n,"1-month window, costs included"
1,utbot,XAUUSD,1h,fx_sl3_rr1,2026-06-11,2026-07-11,IS,51,0.0,0.0,-0.72,-0.71,-1.951,fail,"1-month window, costs included"
1,utbot,XAUUSD,1h,fx_sl3_rr2,2026-06-11,2026-07-11,IS,51,27.5,0.08,-0.62,-0.62,-1.676,fail,"1-month window, costs included"
1,utbot,XAUUSD,1h,fx_sl5_rr1,2026-06-11,2026-07-11,IS,51,27.5,0.02,-0.83,-0.83,-1.351,fail,"1-month window, costs included"
1,utbot,XAUUSD,1h,fx_sl5_rr2,2026-06-11,2026-07-11,IS,51,27.5,0.22,-0.66,-0.68,-1.076,fail,"1-month window, costs included"
1,utbot,XAUUSD,1h,native_flip,2026-06-11,2026-07-11,IS,50,42.0,1.02,0.18,-4.0,,borderline,"1-month window, costs included"
2,alphatrend,XAUUSD,1h,fx_sl3_rr1,2026-06-11,2026-07-11,IS,9,0.0,0.0,-0.14,-0.13,-2.056,insufficient_n,"1-month window, costs included"
2,alphatrend,XAUUSD,1h,fx_sl3_rr2,2026-06-11,2026-07-11,IS,9,22.2,0.06,-0.12,-0.12,-1.833,insufficient_n,"1-month window, costs included"
2,alphatrend,XAUUSD,1h,fx_sl5_rr1,2026-06-11,2026-07-11,IS,9,22.2,0.01,-0.16,-0.16,-1.456,insufficient_n,"1-month window, costs included"
2,alphatrend,XAUUSD,1h,fx_sl5_rr2,2026-06-11,2026-07-11,IS,9,22.2,0.16,-0.14,-0.15,-1.233,insufficient_n,"1-month window, costs included"
2,alphatrend,XAUUSD,1h,native_flip,2026-06-11,2026-07-11,IS,8,62.5,3.29,6.39,-2.63,,insufficient_n,"1-month window, costs included"
3,macross,XAUUSD,1h,fx_sl3_rr1,2026-06-11,2026-07-11,IS,10,0.0,0.0,-0.18,-0.16,-2.5,insufficient_n,"1-month window, costs included"
3,macross,XAUUSD,1h,fx_sl3_rr2,2026-06-11,2026-07-11,IS,10,0.0,0.0,-0.18,-0.16,-2.5,insufficient_n,"1-month window, costs included"
3,macross,XAUUSD,1h,fx_sl5_rr1,2026-06-11,2026-07-11,IS,10,0.0,0.0,-0.23,-0.21,-1.9,insufficient_n,"1-month window, costs included"
3,macross,XAUUSD,1h,fx_sl5_rr2,2026-06-11,2026-07-11,IS,10,0.0,0.0,-0.23,-0.21,-1.9,insufficient_n,"1-month window, costs included"
3,macross,XAUUSD,1h,native_flip,2026-06-11,2026-07-11,IS,9,33.3,1.01,-0.04,-5.03,,insufficient_n,"1-month window, costs included"
1,utbot,XAUUSD,4h,fx_sl3_rr1,2026-06-11,2026-07-11,IS,14,0.0,0.0,-0.2,-0.18,-1.929,insufficient_n,"1-month window, costs included"
1,utbot,XAUUSD,4h,fx_sl3_rr2,2026-06-11,2026-07-11,IS,14,28.6,0.08,-0.17,-0.15,-1.643,insufficient_n,"1-month window, costs included"
1,utbot,XAUUSD,4h,fx_sl5_rr1,2026-06-11,2026-07-11,IS,14,28.6,0.02,-0.22,-0.2,-1.329,insufficient_n,"1-month window, costs included"
1,utbot,XAUUSD,4h,fx_sl5_rr2,2026-06-11,2026-07-11,IS,14,28.6,0.23,-0.18,-0.15,-1.043,insufficient_n,"1-month window, costs included"
1,utbot,XAUUSD,4h,native_flip,2026-06-11,2026-07-11,IS,13,46.2,0.52,-4.88,-4.83,,insufficient_n,"1-month window, costs included"
2,alphatrend,XAUUSD,4h,fx_sl3_rr1,2026-06-11,2026-07-11,IS,4,0.0,0.0,-0.03,-0.03,-1.0,insufficient_n,"1-month window, costs included"
2,alphatrend,XAUUSD,4h,fx_sl3_rr2,2026-06-11,2026-07-11,IS,4,75.0,0.57,-0.01,-0.02,-0.25,insufficient_n,"1-month window, costs included"
2,alphatrend,XAUUSD,4h,fx_sl5_rr1,2026-06-11,2026-07-11,IS,4,75.0,0.15,-0.02,-0.02,-0.4,insufficient_n,"1-month window, costs included"
2,alphatrend,XAUUSD,4h,fx_sl5_rr2,2026-06-11,2026-07-11,IS,4,75.0,1.66,0.02,-0.02,0.35,insufficient_n,"1-month window, costs included"
2,alphatrend,XAUUSD,4h,native_flip,2026-06-11,2026-07-11,IS,3,33.3,0.6,-1.66,-2.18,,insufficient_n,"1-month window, costs included"
3,macross,XAUUSD,4h,fx_sl3_rr1,2026-06-11,2026-07-11,IS,5,0.0,0.0,-0.09,-0.07,-2.5,insufficient_n,"1-month window, costs included"
3,macross,XAUUSD,4h,fx_sl3_rr2,2026-06-11,2026-07-11,IS,5,0.0,0.0,-0.09,-0.07,-2.5,insufficient_n,"1-month window, costs included"
3,macross,XAUUSD,4h,fx_sl5_rr1,2026-06-11,2026-07-11,IS,5,0.0,0.0,-0.11,-0.09,-1.9,insufficient_n,"1-month window, costs included"
3,macross,XAUUSD,4h,fx_sl5_rr2,2026-06-11,2026-07-11,IS,5,0.0,0.0,-0.11,-0.09,-1.9,insufficient_n,"1-month window, costs included"
3,macross,XAUUSD,4h,native_flip,2026-06-11,2026-07-11,IS,4,25.0,0.29,-4.37,-3.22,,insufficient_n,"1-month window, costs included"
1,utbot,XAUUSD,1d,fx_sl3_rr1,2026-06-11,2026-07-11,IS,3,0.0,0.0,-0.03,-0.02,-1.167,insufficient_n,"1-month window, costs included"
1,utbot,XAUUSD,1d,fx_sl3_rr2,2026-06-11,2026-07-11,IS,3,66.7,0.4,-0.01,-0.02,-0.5,insufficient_n,"1-month window, costs included"
1,utbot,XAUUSD,1d,fx_sl5_rr1,2026-06-11,2026-07-11,IS,3,66.7,0.1,-0.02,-0.02,-0.567,insufficient_n,"1-month window, costs included"
1,utbot,XAUUSD,1d,fx_sl5_rr2,2026-06-11,2026-07-11,IS,3,66.7,1.15,0.0,-0.02,0.1,insufficient_n,"1-month window, costs included"
1,utbot,XAUUSD,1d,native_flip,2026-06-11,2026-07-11,IS,2,0.0,0.0,-3.98,-0.9,,insufficient_n,"1-month window, costs included"
2,alphatrend,XAUUSD,1d,fx_sl3_rr1,2026-06-11,2026-07-11,IS,0,,,,,,no_trades,"1-month window, costs included"
2,alphatrend,XAUUSD,1d,fx_sl3_rr2,2026-06-11,2026-07-11,IS,0,,,,,,no_trades,"1-month window, costs included"
2,alphatrend,XAUUSD,1d,fx_sl5_rr1,2026-06-11,2026-07-11,IS,0,,,,,,no_trades,"1-month window, costs included"
2,alphatrend,XAUUSD,1d,fx_sl5_rr2,2026-06-11,2026-07-11,IS,0,,,,,,no_trades,"1-month window, costs included"
2,alphatrend,XAUUSD,1d,native_flip,2026-06-11,2026-07-11,IS,0,,,,,,no_trades,"1-month window, costs included"
3,macross,XAUUSD,1d,fx_sl3_rr1,2026-06-11,2026-07-11,IS,0,,,,,,no_trades,"1-month window, costs included"
3,macross,XAUUSD,1d,fx_sl3_rr2,2026-06-11,2026-07-11,IS,0,,,,,,no_trades,"1-month window, costs included"
3,macross,XAUUSD,1d,fx_sl5_rr1,2026-06-11,2026-07-11,IS,0,,,,,,no_trades,"1-month window, costs included"
3,macross,XAUUSD,1d,fx_sl5_rr2,2026-06-11,2026-07-11,IS,0,,,,,,no_trades,"1-month window, costs included"
3,macross,XAUUSD,1d,native_flip,2026-06-11,2026-07-11,IS,0,,,,,,no_trades,"1-month window, costs included"
